student_id,name,age,gender,socioeconomic_status,prior_gpa,cohort_id,attendance,assignment_scores,n_assignments,internal_exam_score,study_hours_per_week,extracurricular_count,at_risk,risk_score,split
522,Lorelei Iverson,28,F,high,2.41,1,55.5,81.3|52.7|54.3|22.3|52.6|68.1|39.6|44.3|67.5|33.4|71.4|47.6|49.7|38.7|61.2,15,85.0,15.9,0,1,0.4858,train
738,Avery Zimmerman,19,M,low,1.78,8,47.9,43.3|30.7|39.4|80.4|62.2|65.1,6,60.9,20.3,1,1,0.5957,train
741,Caspian Merritt,21,NB,medium,3.19,4,91.9,77.1|99.1|81.9|88.7|77.0|85.1|63.0|68.1,8,75.2,22.1,4,0,0.0,train
661,Stellan Bellingham,22,M,medium,3.35,2,72.7,35.8|73.2|85.9|80.6|56.8|68.0|58.7|54.4|81.1|48.8|53.3|50.2|44.4|68.9,14,78.1,15.2,0,0,0.2066,train
412,Beatrix Pemberton,25,NB,high,3.08,6,62.1,36.5|77.4|79.6|100.0|74.6|84.5,6,64.0,20.5,4,0,0.0688,train
679,Quentin Thornwood,27,F,medium,2.0,5,65.4,36.9|40.0|36.5|52.9|35.3|41.4|41.1|47.7|29.3|53.0|70.4|53.7,12,66.8,17.5,0,1,0.5839,train
627,Morgan Norwood,28,M,high,2.94,2,85.6,80.7|69.1|53.5|60.7|88.2,5,58.1,19.0,4,0,0.1026,train
514,Silas Crawford,24,NB,high,2.58,2,89.7,69.7|79.5|95.0|74.0|61.7|77.1|61.9|62.5,8,41.7,23.3,3,0,0.1231,train
860,Dorian Farnsworth,25,NB,medium,2.16,3,69.7,52.0|89.8|56.7|70.6|66.7|54.1,6,38.3,12.8,0,1,0.5082,train
137,Dakota Gillingham,25,M,high,2.95,3,70.0,80.2|79.1|96.6|66.2|78.9|70.3|88.3|58.1|80.0|65.9|67.9,11,64.4,18.7,1,0,0.1542,train
812,Leo Jenkins,27,NB,medium,3.22,7,70.5,74.7|77.7|35.7|59.2|79.6|69.5|47.4|28.9|59.9|64.3|52.1|67.5|73.0|75.5,14,23.9,7.8,2,0,0.2401,train
77,Zephyr Vandermeer,25,F,low,2.52,4,58.2,76.9|60.1|60.0|55.2|62.5|72.5|47.1|50.3|55.6|39.9|47.8,11,46.1,18.6,3,0,0.3718,train
637,Nadia Gillingham,22,F,low,2.05,7,45.2,59.5|60.9|36.4|50.7|47.7|56.6|36.0|71.5|66.5|47.3,10,41.7,9.2,1,1,0.5558,train
974,Caspian Blackwood,28,NB,medium,2.32,7,57.0,100.0|60.9|84.6|56.4|90.6|57.0|49.7,7,58.5,13.4,3,0,0.1868,train
939,Stellan Zimmerman,18,NB,high,2.67,6,68.9,45.6|22.7|63.8|56.3|50.1,5,63.0,12.3,0,0,0.411,train
900,Juno Blackwood,28,F,high,2.15,4,78.3,55.2|24.6|89.4|80.0|77.0|60.1|75.6,7,52.9,18.6,0,0,0.1458,train
281,Xander Vance,27,NB,medium,3.26,6,69.1,68.7|81.1|66.6|52.3|53.1|63.4|40.5|57.7|76.3|27.0|82.9|76.7|53.0,13,61.1,13.2,3,0,0.3784,train
884,Avery Overton,22,F,low,1.67,1,45.8,51.2|66.6|45.3|16.8|47.7,5,40.2,7.7,0,1,0.611,train
762,Jasper Lancaster,23,M,medium,1.97,6,62.3,60.3|54.5|73.3|63.0|73.4|55.1|79.7|57.3|45.2|92.4|32.4|48.7|50.4|97.4,14,80.0,22.1,0,0,0.3805,train
320,Kendall Montgomery,24,M,high,2.75,3,70.0,62.9|26.5|73.5|64.3|68.7|51.6|56.5|56.1|77.6|56.6|93.5|68.8|43.2|60.4|52.5,15,22.8,23.9,2,0,0.3175,train
550,Drew Tremaine,20,M,high,2.59,1,77.5,50.2|50.7|75.5|75.5|65.0|78.7|49.4|61.7|91.8,9,62.1,17.2,3,0,0.199,train
175,Gareth Garrison,23,F,high,2.09,5,34.7,89.0|74.6|52.6|58.5|40.7|83.7|86.7|60.6|73.6|60.9|38.2|52.1,12,53.1,9.7,2,0,0.4192,train
372,Nadia Merritt,23,M,medium,2.21,6,49.2,79.9|69.2|70.5|51.4|30.1|85.3|55.1|44.8|62.3,9,66.2,11.3,2,0,0.4745,train
528,Olive Upton,20,NB,low,2.75,1,79.7,37.9|52.2|67.0|72.1|93.4|74.9|59.7|47.2|52.1|51.6|70.3|64.4|40.7|54.0,14,66.9,15.6,3,0,0.362,train
211,Drew Lockwood,28,NB,low,2.91,6,56.4,38.8|60.5|56.6|60.6|58.2|62.9,6,69.5,14.5,1,1,0.4927,train
236,Otto Kensington,28,NB,low,2.03,6,69.6,37.7|71.6|57.0|49.6|54.4|53.1|73.0,7,31.0,6.3,0,1,0.5085,train
102,Magnus Thornwood,19,NB,high,2.74,3,73.5,54.4|67.9|57.0|61.1|90.3|85.3|45.7|77.7,8,71.2,8.7,1,0,0.2448,train
987,Iris Iverson,20,NB,low,1.74,4,49.0,49.7|43.8|46.3|23.2|56.0|48.7|61.0|46.0|19.9,9,32.0,5.7,0,1,0.7258,train
903,Thalia Kingsley,18,F,low,3.71,4,68.5,66.1|42.4|33.1|48.4|82.3|65.7|69.7|71.8|51.8|81.5|51.2|81.8|67.3|33.9|49.5,15,27.2,20.6,3,0,0.3572,train
948,Dorian Eastwick,24,NB,high,2.9,3,91.4,64.0|75.2|79.8|100.0|70.1|52.3|80.6|95.9|63.1|80.5|86.4|83.2,12,63.9,12.6,2,0,0.177,train
347,Sebastian Yarborough,25,M,low,2.25,7,63.8,85.8|66.8|100.0|60.1|61.2,5,61.5,21.5,0,0,0.0,train
140,Drew Radcliffe,28,NB,medium,2.67,4,72.3,91.7|69.4|78.6|64.8|46.0|77.4,6,39.4,18.8,3,0,0.0423,train
622,Xander Merritt,25,F,medium,2.49,5,51.3,32.3|65.7|78.6|40.9|80.1|60.5|56.2|50.3|35.5|71.1|44.7|44.6|71.2|28.0,14,26.1,11.5,0,0,0.4679,train
500,Atlas Lockwood,28,M,low,4.0,6,85.7,69.1|65.4|99.4|63.1|85.9|66.4|67.9|90.3|69.1|68.8|91.8|98.8|84.5,13,60.0,16.9,3,0,0.0043,train
371,Orion Gillingham,25,F,medium,1.7,3,83.0,51.6|77.8|58.4|58.3|67.3|47.5|62.7|55.0|40.9,9,59.0,12.0,2,0,0.3561,train
199,Kai Ellington,24,F,high,1.84,6,68.4,47.0|68.1|60.9|30.9|70.2|72.6|45.5|66.7,8,40.7,14.0,2,0,0.3646,train
688,Nadia Vance,20,F,medium,3.06,3,75.1,70.1|82.6|54.8|51.9|47.0|67.5|36.9|71.7|63.1|81.8|54.7|61.7|81.6|85.5|54.5,15,61.2,17.2,2,0,0.2563,train
585,Ada Upton,26,NB,low,2.21,4,60.9,33.6|55.5|52.0|51.4|65.4|69.1|62.7|74.1,8,60.8,11.1,2,0,0.3955,train
902,Ronan Yarborough,26,F,low,2.18,1,73.0,92.2|85.1|78.6|76.9|75.4|82.3|58.1|44.6|66.0|52.7,10,42.8,11.1,0,0,0.2517,train
60,Wren Caldwell,27,NB,low,1.32,7,64.3,44.0|53.4|75.4|64.7|47.2|37.9|19.0|40.5|48.1|36.4|49.3|52.4|47.9|41.5,14,45.8,12.0,0,1,0.5939,train
329,Quinn Yardley,20,NB,high,2.19,7,57.6,69.3|61.0|58.1|35.7|49.1|68.2|55.3|64.7|81.3|70.3|56.2|47.1|16.5,13,44.7,8.9,1,1,0.506,train
97,Celeste Hartwell,18,NB,low,2.7,2,52.9,52.2|68.5|70.8|53.6|57.0|35.3|52.7|71.4,8,59.5,15.4,2,0,0.424,train
313,Rosalind Eastwick,26,M,high,1.41,3,43.9,20.1|42.3|55.2|54.3|55.0|31.6|64.8,7,48.6,14.4,1,1,0.5564,train
975,Zephyr Gillingham,19,F,medium,2.94,2,72.6,74.9|61.1|55.5|56.7|96.1|68.8|35.7|57.7|66.9|93.1|80.9|51.6|100.0|65.0,14,78.0,8.8,2,0,0.2385,train
300,Isla Merritt,24,F,low,2.65,5,71.2,47.1|39.3|55.6|56.3|38.5,5,44.5,13.3,0,1,0.5074,train
278,Quentin Bellingham,24,F,medium,3.02,6,70.3,55.4|91.1|70.4|76.5|54.7|48.7|58.5,7,59.1,10.0,1,0,0.1999,train
925,Juno Radcliffe,25,M,medium,2.0,6,54.4,22.2|37.8|44.6|52.2|43.1|33.5|37.3,7,58.9,9.8,1,1,0.6488,train
602,Ivan Redford,27,NB,medium,2.55,1,85.4,81.0|64.3|46.4|67.1|79.6|97.3,6,46.7,15.3,2,0,0.1195,train
440,Xander Lancaster,19,F,medium,2.75,6,61.7,52.4|53.6|81.9|13.2|67.5,5,55.4,3.9,3,0,0.3361,train
838,Ivan Prescott,18,M,medium,2.78,7,66.1,63.1|68.2|78.6|55.9|59.4|78.6|85.1,7,56.2,10.2,4,0,0.1004,train
571,Olive Holloway,25,NB,medium,2.37,2,69.1,65.8|69.2|64.4|42.7|46.7|52.6|56.6|76.6|43.4|55.5|75.1|56.3,12,60.9,12.8,3,0,0.3546,train
880,Freya Garrison,28,F,medium,1.28,5,54.2,50.1|41.0|61.5|21.2|41.1|41.8|24.6|71.5|28.7|40.3,10,54.5,12.2,1,1,0.6471,train
262,Persephone Sherwood,26,F,low,2.18,5,84.9,48.8|62.1|71.4|37.1|68.8|45.8|73.9|47.2|72.0|78.2|74.5|65.4|58.1|52.9,14,77.0,9.8,0,0,0.3351,train
579,Riley Radcliffe,25,M,high,2.26,6,96.5,73.5|75.6|81.0|63.2|81.8|69.5,6,56.6,23.4,3,0,0.0,train
24,Orion Whitmore,22,NB,high,3.24,7,85.6,45.4|60.9|72.8|56.9|84.0|98.0|93.3|71.8,8,92.4,20.9,4,0,0.0,train
31,Ronan Garrison,18,NB,high,3.73,2,64.0,63.7|62.9|71.6|79.3|79.9,5,52.3,15.4,3,0,0.1996,train
618,Quinn Lockwood,22,M,low,2.42,3,44.2,61.2|55.7|63.3|46.3|25.6|47.0|59.8|69.0|36.2|69.1|44.0|59.2|46.1|56.5|67.1,15,27.7,6.4,2,1,0.5314,train
11,Ezra Davenport,21,M,medium,3.24,7,61.0,74.6|76.2|61.2|86.3|63.4|67.5|63.0|65.9|49.2,9,37.9,25.4,1,0,0.2341,train
222,Emerson Sterling,25,F,medium,2.97,7,88.4,88.4|75.1|84.3|99.6|80.7|79.7|52.2,7,30.5,22.3,1,0,0.0,train
821,Avery Jenkins,28,F,high,1.77,6,73.5,43.1|98.9|51.7|63.7|70.0|61.8|61.8|72.5|89.1|77.7|88.4|50.5,12,64.8,17.0,3,0,0.2207,train
297,Lorelei Gillingham,28,M,low,1.89,3,54.7,40.5|35.1|56.7|32.9|45.8|37.1|60.2|79.0|32.5|24.2|50.1,11,44.4,11.0,2,1,0.5749,train
55,Luna Northwood,20,NB,low,2.58,7,59.6,53.5|65.7|10.1|60.9|40.9,5,15.2,12.1,1,1,0.6077,train
543,Riley Vance,19,F,high,1.61,5,53.5,63.6|55.8|69.8|58.4|50.4|87.9|54.3,7,65.7,8.9,0,1,0.4825,train
210,Celeste Xenakis,27,M,medium,1.45,6,32.6,51.8|37.8|24.0|63.4|35.7|46.5|25.9|40.4|39.7,9,0.0,14.1,0,1,1.0,train
605,Ezra Ingersoll,25,F,low,1.83,5,56.2,27.2|87.3|69.8|44.4|52.6|47.3|80.0|35.6|58.6|55.2|69.3|55.3|30.5|53.1|42.3,15,50.8,20.4,0,0,0.4534,train
693,Ingrid Prescott,23,NB,high,3.28,8,72.7,73.2|69.1|83.5|48.2|59.1|47.2|67.9|90.0|64.2|64.2|84.9|87.8,12,65.1,22.7,0,0,0.0797,train
663,Juno Caldwell,25,F,low,2.83,4,65.3,54.8|60.8|61.9|74.8|70.2|59.0|72.8|67.3|54.9|59.5|59.1|68.9|55.8|55.5|90.9,15,68.7,9.3,2,0,0.3418,train
867,Yseult Yarborough,26,M,medium,1.54,8,68.8,62.9|42.4|44.3|57.8|63.4|21.1|73.9|50.7|38.2|72.3|57.8|76.4|64.7,13,51.0,11.5,1,0,0.4215,train
71,Emerson Farnsworth,26,F,low,2.6,4,69.4,65.7|58.7|54.4|55.1|54.5|74.4,6,59.1,0.0,1,0,0.4403,train
544,Ronan Hartwell,22,F,high,2.29,6,58.8,49.7|11.3|46.9|65.0|54.5|53.3|20.8|35.8|52.8|52.7|64.8,11,35.9,9.6,0,1,0.7104,train
108,Reese Redford,28,NB,low,2.39,3,65.6,30.5|59.0|48.9|51.9|80.9|40.4|71.5,7,48.1,11.2,2,0,0.3936,train
494,Esme Ashford,19,M,medium,4.0,8,74.7,60.7|74.5|60.9|75.6|49.8|66.0|88.9,7,63.1,18.4,0,0,0.1347,train
591,Nova Ingersoll,19,NB,high,2.13,4,48.9,60.6|59.5|70.1|61.3|58.3|77.9|40.6|68.3|35.2|47.7|42.1|72.0|59.3|60.1|43.7,15,48.9,8.8,3,0,0.3679,train
742,Otto Upton,28,M,high,3.21,7,94.5,52.4|59.2|77.2|62.9|100.0|81.5,6,67.5,16.4,4,0,0.0301,train
293,Wren Zane,18,F,high,2.16,2,75.7,59.7|100.0|66.3|45.8|64.9|74.7|92.0|58.1|43.2|79.1,10,40.2,13.7,3,0,0.2027,train
290,Luna Vance,25,M,low,2.54,5,61.9,78.4|64.2|67.7|91.3|66.9|71.6|49.5|63.9|76.4|43.9|70.2|68.7|67.8,13,76.8,18.5,2,0,0.1943,train
653,Yseult Jenkins,26,F,medium,2.28,4,84.9,66.7|32.1|53.6|50.8|55.5,5,65.7,14.3,0,0,0.2828,train
40,Leo Pemberton,27,NB,low,1.82,2,36.3,58.6|85.6|84.0|52.2|50.0|66.1|44.1|63.6|70.5|77.4|57.5,11,49.0,7.5,2,0,0.3992,train
590,Otto Eastwick,18,NB,medium,2.07,4,69.0,87.8|77.6|60.3|87.6|87.7|73.6|56.1|63.4|73.9|66.7|83.6|46.6|47.1,13,66.6,14.6,0,0,0.136,train
308,Persephone Whitmore,28,M,medium,2.37,5,72.3,44.3|63.6|64.0|75.0|70.3|48.9|83.2,7,64.1,17.6,3,0,0.2021,train
680,Magnus Kensington,24,M,high,2.39,3,52.4,48.6|59.7|42.4|20.0|55.7,5,23.0,2.2,1,1,0.6679,train
67,Jasper Quarles,28,NB,high,2.23,6,60.5,52.4|59.2|54.6|32.0|72.9|45.6,6,58.6,26.5,1,0,0.332,train
276,Maeve Ellington,18,NB,high,2.57,4,63.2,74.1|91.5|69.4|70.6|58.3|54.3|49.2|44.0|46.1|36.1,10,47.9,1.5,2,0,0.4655,train
68,Dakota Farnsworth,21,M,low,1.64,1,29.7,46.7|67.5|80.3|32.5|58.4|44.0|49.4|90.6,8,20.4,10.7,1,1,0.6009,train
319,Ivan Abernathy,28,NB,high,2.48,7,60.2,59.6|80.5|63.5|52.2|50.3|55.2|82.3|55.0|57.5|50.5,10,67.1,24.0,1,0,0.431,train
549,Wren Gillingham,19,F,medium,1.77,7,68.0,48.0|81.5|45.7|74.4|60.1|61.1,6,20.5,0.0,2,0,0.4428,train
999,Jasper Upton,23,F,low,2.74,7,72.6,67.0|100.0|71.4|76.4|73.3|62.8|86.1|62.3|82.5,9,55.7,10.5,3,0,0.2072,train
715,Silas Xenakis,18,M,low,3.03,3,71.8,26.2|65.9|55.3|69.4|75.5,5,57.6,23.9,3,0,0.3406,train
754,Quinn Vance,19,M,high,2.38,1,66.9,78.4|52.3|67.0|45.2|68.2|66.4|65.6|51.9|40.4|29.5|49.9|73.5|45.8|62.2|63.1,15,38.1,16.9,1,1,0.6134,train
328,Winifred Norwood,26,M,medium,2.77,5,73.0,44.8|49.3|41.8|58.8|70.0|26.9|59.2|48.9|54.8,9,52.2,9.0,0,1,0.5479,train
383,Jasper Xenakis,22,F,low,2.78,2,86.4,74.3|61.1|73.3|72.8|72.5|75.5|76.1,7,63.5,27.6,2,0,0.0,train
452,Hugh Farnsworth,22,M,low,2.29,4,60.1,5.8|66.8|73.0|35.7|36.9|44.7|40.1|54.8|22.3|34.7|74.5|37.5|70.1,13,48.8,0.0,1,1,0.5888,train
523,Jasper Whitmore,28,M,high,2.29,1,87.1,62.9|88.2|79.7|23.5|52.6|81.8|69.9|52.3,8,52.2,5.2,2,0,0.1843,train
219,Celeste Zimmerman,20,M,high,2.11,3,87.8,64.2|69.2|84.4|50.4|74.8|57.0|63.9|66.9|43.4|54.2|86.1|79.1,12,58.8,17.3,0,0,0.2287,train
788,Fiona Bellingham,27,F,high,1.6,6,65.3,90.0|36.5|52.1|18.6|51.9|66.0|67.2|57.6|69.7|94.6|82.1|48.6,12,27.3,9.2,0,0,0.4648,train
437,Rosalind Jenkins,20,NB,low,2.46,3,53.9,19.0|85.4|43.8|31.6|23.6|41.4|42.8|46.3|40.2|54.2|38.9|15.7,12,33.7,0.0,1,1,0.7572,train
765,Ivan Gillingham,20,F,low,2.59,6,58.4,42.8|36.3|40.6|72.7|40.1|51.0,6,30.0,13.6,1,1,0.6373,train
89,Kendall Merritt,27,NB,high,2.52,4,74.1,47.5|75.4|79.5|59.5|59.2|70.3,6,53.7,15.7,2,0,0.2176,train
64,Alex Vance,20,NB,high,2.09,5,92.8,89.9|56.6|66.8|56.4|69.7|68.3|84.7|92.6|93.9|64.5|69.8,11,42.5,14.2,4,0,0.0509,train
827,Helena Ingersoll,20,M,medium,1.72,1,45.1,35.4|33.8|41.8|47.7|40.5|62.6|52.8|21.3,8,44.3,10.2,0,1,0.7449,train
717,Milo Northwood,20,M,medium,2.81,7,76.9,56.7|52.9|48.8|59.0|58.7|63.0,6,51.0,12.4,3,0,0.3786,train
352,Kai Fairchild,24,F,medium,2.12,8,46.7,32.8|58.2|18.1|55.9|29.8,5,56.4,8.0,0,1,0.7188,train
937,Sebastian Caldwell,28,M,high,2.65,2,90.3,64.9|60.2|100.0|98.5|78.2|88.3|37.8|59.4|64.2|67.7|63.9,11,27.5,20.6,2,0,0.0947,train
257,Celeste Merritt,22,F,high,2.47,8,68.0,68.0|31.9|44.5|43.2|55.7|58.6|35.7|49.3|18.0|70.0|40.6|49.2|43.7,13,57.2,0.0,1,1,0.6667,train
636,Dakota Jenkins,20,F,high,3.06,7,88.8,70.3|75.9|56.6|70.2|95.9|79.8|74.7|100.0|54.6|58.4,10,95.7,20.3,4,0,0.0,train
645,Zephyr Montgomery,25,F,low,1.82,4,82.5,83.0|33.5|52.9|70.9|73.1|53.3|58.9|54.5|65.1|81.4|51.9,11,72.0,10.1,1,0,0.2886,train
555,Oberon Kingsley,18,NB,low,2.63,2,69.7,59.8|65.5|45.6|53.0|60.5|61.8|62.4|55.5|52.0|100.0|71.2|63.8|54.1|50.9,14,48.5,13.9,2,0,0.4344,train
960,Cameron Yarborough,20,NB,high,2.4,8,83.2,60.2|45.9|52.3|39.5|75.4|65.1|73.4|74.7|50.3|42.4,10,48.4,6.4,2,0,0.4619,train
169,Leo Davenport,23,M,high,1.97,6,85.1,90.6|38.2|48.1|59.3|49.0,5,64.6,10.4,1,0,0.2887,train
918,Riley Davenport,20,NB,medium,3.22,8,74.2,58.1|56.9|66.3|81.9|60.7|61.3|59.4,7,78.9,10.6,1,0,0.3967,train
529,Dorian Bellingham,20,NB,low,2.66,8,68.1,82.8|61.9|52.6|44.7|62.1|21.8|55.6|55.3|37.9,9,37.4,17.4,1,0,0.4149,train
824,Milo Overton,24,NB,high,2.23,3,62.2,62.6|82.2|64.6|58.0|41.7|72.9|52.9|66.4|59.3|77.2|62.3|63.7|71.9|96.2,14,71.7,14.8,3,0,0.2593,train
986,Kendall Quarles,27,NB,medium,2.71,3,94.1,57.1|70.7|65.2|88.4|64.7|71.9|80.2|80.8|85.9,9,70.4,16.4,0,0,0.0604,train
817,Jasper Vance,28,M,high,2.43,5,72.8,45.8|45.8|30.3|82.2|47.5|61.9|67.4|81.0|56.0,9,43.2,13.5,0,0,0.4168,train
87,Jamie Norwood,22,F,low,2.04,2,69.8,18.7|74.8|30.5|47.8|45.4|60.7|27.9,7,50.9,21.7,1,1,0.5789,train
433,Quentin Pemberton,27,M,medium,2.11,2,48.0,52.0|75.2|57.5|70.6|40.9|75.7|55.4|63.9|62.3,9,38.2,8.0,0,0,0.2826,train
185,Alex Montgomery,20,F,high,2.2,5,90.8,63.2|75.0|51.4|51.5|79.5|43.0|57.0|63.7|64.9|60.5,10,62.7,18.9,2,0,0.2941,train
979,Sebastian Radcliffe,24,NB,medium,3.08,1,74.3,89.5|83.4|45.2|79.2|63.4|91.5|53.3|69.7|80.4,9,70.8,24.6,2,0,0.0,train
535,Persephone Holloway,19,F,low,2.6,2,62.5,70.3|54.8|77.5|100.0|55.7|72.5|41.2|74.3|54.2|58.1|51.0|78.5,12,76.7,16.8,1,0,0.187,train
295,Sebastian Quarles,19,NB,high,2.01,4,57.3,65.5|72.9|51.3|71.0|59.3|55.6|54.3|68.6,8,55.1,25.7,0,0,0.4393,train
893,Freya Kingsley,28,NB,low,1.06,1,38.6,65.4|27.8|56.4|45.1|35.4|55.6|53.3|82.0|41.0|71.9|55.6|40.4|62.3|58.8|50.9,15,46.2,5.3,1,1,0.6167,train
426,Morgan Tremaine,21,F,high,2.5,2,32.0,60.8|41.8|57.9|27.3|64.9|25.3|37.3|32.3,8,12.5,8.1,1,1,0.6922,train
714,Helena Yarborough,18,M,low,2.24,5,68.9,41.6|66.2|64.1|62.7|54.3|84.5|64.4|42.5|60.7,9,61.0,8.4,0,0,0.4498,train
261,Orion Radcliffe,21,F,high,2.66,5,69.7,74.0|58.2|92.5|66.0|61.8|63.2,6,75.5,16.9,2,0,0.1183,train
238,Riley Northwood,19,NB,medium,2.5,1,84.7,74.5|49.3|59.5|58.4|35.4|45.0|50.7|28.6|59.8,9,48.4,2.8,1,0,0.3966,train
560,Alaric Farnsworth,19,F,medium,3.11,3,84.6,47.7|47.2|68.6|74.7|60.7|75.4,6,48.3,2.9,3,0,0.2448,train
584,Vesper Waverly,25,M,low,1.66,7,44.8,26.1|46.9|53.2|56.6|68.5|42.0|42.4|15.4|30.3|35.4|54.0|29.1|50.2|38.3,14,26.0,5.0,0,1,0.9177,train
446,Skyler Lockwood,24,M,medium,2.51,5,53.2,77.6|37.6|28.2|70.9|20.2|51.2|100.0|54.1|37.5,9,45.9,10.4,1,1,0.5174,train
868,Casey Vandermeer,23,F,medium,2.59,5,59.2,44.9|66.8|55.5|58.2|74.0|55.9|57.9|48.7|64.1,9,55.7,17.6,0,0,0.4336,train
801,Wren Ashford,28,M,low,2.09,3,56.6,89.5|57.2|21.1|43.5|22.6|46.7|21.8|38.5,8,20.9,11.8,0,1,0.5846,train
600,Alaric Fairchild,19,NB,low,3.0,7,72.5,62.8|34.6|56.5|48.4|62.2|45.1|41.8|26.3|75.6|51.2|59.6|57.2|41.2,13,31.1,6.0,2,0,0.4443,train
850,Avery Fairchild,19,NB,low,2.04,7,61.0,33.1|78.6|78.7|79.0|70.9|34.3|50.9|68.9|68.3|63.0,10,65.8,16.2,3,0,0.2173,train
266,Avery Lancaster,21,NB,medium,2.35,5,82.6,57.8|80.6|77.8|87.8|61.6|74.0|53.0|84.0|81.3|80.9|73.5|79.7,12,92.4,17.6,0,0,0.0381,train
996,Silas Ingersoll,28,M,low,2.56,6,79.2,63.3|59.5|71.7|72.9|38.9|65.1|100.0|43.8|62.5|92.9|80.4,11,49.7,16.2,3,0,0.2797,train
530,Thalia Radcliffe,24,NB,low,2.93,4,79.8,74.6|71.4|88.7|71.9|48.2|94.5|75.6|61.2|51.2|76.0,10,62.7,27.2,1,0,0.1239,train
56,Juno Bellingham,25,F,medium,2.81,4,54.5,66.0|75.9|71.4|76.3|62.8|52.8|27.7|48.0,8,31.1,22.5,0,1,0.5828,train
121,Clara Waverly,28,F,low,2.35,8,60.8,60.1|30.1|64.4|62.3|37.8|49.4|52.5|51.1|58.1|74.6,10,61.6,2.3,1,1,0.5478,train
216,Nadia Northwood,18,F,medium,3.6,3,57.0,59.3|42.3|56.1|60.3|56.3|38.1|56.5|75.3,8,52.4,16.1,1,1,0.5397,train
26,Luna Ashford,21,M,medium,1.53,1,71.5,71.3|51.2|21.0|51.7|65.8|37.7|62.6|59.7|68.6|61.7|45.3|77.8|57.5|59.5,14,39.0,10.5,1,0,0.3777,train
73,Theo Jenkins,20,NB,medium,2.17,8,72.3,73.4|72.7|79.2|72.0|66.6|77.4|61.0|48.1|58.9,9,43.5,9.8,1,0,0.341,train
45,Isla Tremaine,22,NB,high,2.76,1,75.5,76.8|99.4|79.8|71.2|70.6|51.6|88.2|73.8|72.3|100.0|79.5|63.7|68.6|92.2|76.7,15,48.4,25.5,4,0,0.0,train
248,Ivan Zimmerman,23,F,medium,2.3,1,81.2,67.0|43.6|73.8|58.9|80.8|67.6|73.5|53.2|58.7|60.7|80.4|92.7|55.5|83.7,14,29.1,9.5,1,0,0.1867,train
722,Kai Thornwood,21,M,low,3.04,7,78.4,77.9|66.7|59.1|57.3|98.4|88.3|100.0|83.1|68.6|94.9,10,69.5,21.3,0,0,0.0,train
282,Dorian Norwood,25,M,medium,2.84,6,69.1,33.4|63.2|51.3|55.6|43.5|80.6|70.0|43.3|34.4|48.6|60.9|58.0|73.2|66.2|68.9,15,51.7,2.4,0,1,0.5155,train
894,Magnus Drummond,23,F,high,1.62,1,60.5,45.9|48.1|53.5|53.3|27.9|68.6|51.1|46.3|55.8|52.9|60.8|57.4|60.1,13,61.4,13.7,1,1,0.6423,train
915,Alex Lockwood,25,NB,low,2.1,5,73.1,75.5|65.1|49.9|68.8|55.9|73.1|84.2|22.9|63.6|35.9,10,91.9,11.3,3,0,0.3262,train
811,Magnus Yarborough,21,NB,low,2.82,1,88.8,87.4|69.5|50.3|43.2|57.1|74.2,6,83.8,17.0,0,0,0.3033,train
245,Gareth Thornwood,25,F,medium,3.27,1,63.1,61.6|59.8|74.5|80.2|95.5|65.6|65.5|90.2|77.5|92.0,10,72.1,12.2,4,0,0.0499,train
823,Morgan Xenakis,28,F,medium,1.67,2,27.9,16.5|39.6|29.9|51.8|49.2|35.2|20.6,7,36.0,0.0,0,1,0.9247,train
322,Atlas Redford,25,NB,high,2.57,7,62.6,73.0|32.3|62.6|64.4|36.5|32.5|43.9|45.1|66.3|45.8|42.2|45.9|71.8,13,47.8,9.9,1,1,0.4988,train
644,Ivan Overton,18,NB,high,3.12,5,73.1,69.1|69.4|48.4|60.3|63.4|96.5,6,72.9,24.0,1,0,0.0,train
159,Cameron Iverson,21,NB,low,1.91,8,71.7,100.0|53.7|75.8|88.0|54.1|75.7|87.0|73.1|100.0,9,42.6,25.4,3,0,0.0522,train
978,Freya Zimmerman,25,NB,low,2.65,6,90.8,89.1|93.3|63.8|83.9|68.0|65.9|93.0,7,61.8,21.7,0,0,0.0,train
430,Peyton Ashford,28,M,medium,2.88,2,92.1,86.7|99.1|95.3|95.2|96.7,5,74.4,20.2,4,0,0.0,train
942,Otto Thornwood,19,NB,medium,3.19,4,43.6,74.2|70.5|80.8|28.5|39.2|74.7|24.1|28.2,8,37.1,10.9,1,1,0.5681,train
463,Leo Ellington,28,NB,high,3.36,2,73.7,61.1|75.1|52.0|83.3|52.2|52.2|54.4|79.4|58.7|47.8|58.9|67.5|50.3|50.7,14,93.8,11.7,4,0,0.1751,train
310,Dorian Vandermeer,20,F,low,2.94,8,59.5,69.4|37.5|54.6|58.1|88.1|58.9|30.0|33.0|63.5|72.2|68.7|65.5|80.5|54.9,14,69.9,4.8,2,0,0.2995,train
698,Kai Bellingham,20,NB,low,3.78,5,82.4,70.8|59.4|45.1|71.1|78.4|90.0,6,34.6,12.6,1,0,0.0372,train
61,Peyton Tremaine,24,M,high,2.11,4,87.6,64.3|66.1|76.4|69.3|80.1|70.1|56.6|71.2|48.6|67.4,10,59.1,14.6,3,0,0.2302,train
885,Hayden Abernathy,28,M,high,1.91,2,61.2,55.2|53.8|60.4|47.7|46.9|74.9,6,55.0,15.6,0,1,0.5205,train
596,Winifred Sterling,26,M,medium,2.19,1,84.7,64.8|64.2|43.1|61.8|51.1|59.1|49.6|59.4|60.0|67.6|41.9,11,38.3,18.2,2,0,0.2225,train
768,Maeve Northwood,28,NB,low,2.03,5,30.8,52.3|52.7|18.4|66.5|51.0|54.5|31.9,7,43.7,12.5,0,1,0.7927,train
650,Hugh Caldwell,26,M,high,2.43,7,56.6,28.8|61.2|32.4|56.1|57.6|67.3|80.8|33.6|53.3|49.9|60.5|57.3|48.7,13,39.8,3.9,1,1,0.5241,train
651,Yseult Garrison,26,F,low,2.28,8,49.0,56.3|37.9|32.7|26.3|47.9|26.9|70.2|22.9|46.6|66.0|51.5,11,36.1,0.0,0,1,0.8122,train
866,Quinn Xenakis,25,NB,high,2.64,2,75.0,43.1|66.5|43.5|70.3|32.9|37.1|77.2|56.7|50.1|83.9|69.8|78.0|62.4|100.0|55.8,15,84.8,15.1,2,0,0.2531,train
669,Quentin Sterling,19,NB,low,3.7,5,92.8,71.8|77.1|52.1|73.0|62.1|85.4|100.0|82.5|45.1|69.6,10,71.8,20.5,0,0,0.0,train
299,Elodie Caldwell,28,NB,low,1.25,1,53.1,68.3|47.8|40.2|66.8|47.9|45.2|55.1,7,56.7,24.3,1,1,0.5532,train
690,Clara Sterling,21,F,medium,2.36,2,58.6,33.6|61.2|39.8|44.7|38.7|49.7|56.1|60.7|47.5|72.6|53.4|44.7,12,52.6,23.5,2,0,0.4611,train
315,Winifred Farnsworth,25,M,high,1.88,7,62.4,40.0|40.1|36.5|61.1|37.3|57.6|42.2|18.3|39.4|30.3|48.5|30.1,12,53.5,7.3,0,1,0.6764,train
311,Sebastian Eastwick,26,F,high,2.1,4,52.2,59.1|62.5|64.9|64.1|49.3|60.3|40.7|83.6,8,52.1,11.7,0,0,0.2956,train
362,Esme Garrison,22,M,medium,1.05,3,56.5,57.9|60.0|63.9|78.7|40.3|47.3|39.4|45.7|68.7|25.5|32.8,11,57.7,12.9,1,1,0.7332,train
480,Olive Montgomery,23,M,low,1.95,7,17.5,39.3|36.7|57.8|37.7|46.6|72.9|64.7|63.3|42.3|57.9|46.3|46.9|55.9|40.8|72.2,15,39.3,12.4,1,1,0.6299,train
111,Elodie Lockwood,28,M,medium,2.54,2,80.8,70.6|89.6|88.8|56.3|75.8|64.4|56.1,7,66.7,18.1,1,0,0.0,train
990,Drew Holloway,22,M,low,2.78,5,60.5,68.3|67.9|40.0|58.9|64.7|54.2|65.5|72.8|60.3|64.1|81.5|67.8|63.7|46.4|70.8,15,58.9,21.3,0,0,0.3567,train
487,Oberon Abernathy,24,F,high,2.75,7,76.6,57.9|66.6|84.4|69.2|55.6|53.6|60.7,7,62.6,23.8,3,0,0.1884,train
364,Quentin Crawford,19,M,medium,1.91,8,73.5,70.0|49.5|65.6|34.4|59.8|63.8|82.6|45.4|37.8|43.6|36.9|77.0|80.2,13,54.5,19.2,2,0,0.4504,train
255,Oberon Blackwood,26,M,low,2.63,4,82.8,57.3|100.0|66.5|87.5|78.1|60.2|74.9,7,81.8,18.9,1,0,0.0,train
260,Ezra Whitmore,19,NB,low,2.99,5,43.9,52.7|29.0|49.8|49.5|62.7|53.9|62.6,7,56.1,23.1,0,1,0.5437,train
803,Reese Overton,27,NB,medium,2.01,8,66.5,65.0|85.2|40.4|67.3|82.3|71.4|72.5|68.9|79.5|43.7|39.2,11,53.1,0.3,3,0,0.374,train
678,Magnus Zimmerman,28,F,high,2.29,1,50.8,44.9|36.0|29.2|48.9|25.9|28.6|60.8|72.0|49.4|60.1|39.8|23.4|52.7,13,43.1,6.2,0,1,0.7881,train
495,Morgan Pemberton,24,M,medium,2.14,8,60.2,20.9|54.5|41.7|48.3|61.7|27.9|30.6|16.7,8,28.9,14.8,0,1,0.7308,train
671,Leo Ellington,25,NB,medium,2.49,1,59.8,46.0|46.3|83.8|62.8|34.7|50.0|43.5|46.5|30.1|42.4|75.7|57.2,12,2.9,15.4,0,1,0.6615,train
378,Esme Vandermeer,26,NB,high,2.44,7,74.9,73.7|66.6|53.7|70.3|57.8|42.9|53.1|60.4|72.8|56.4|41.0|60.0|60.9,13,55.0,18.4,0,0,0.3958,train
527,Isla Northwood,19,F,medium,3.19,6,75.3,54.7|77.2|72.4|76.3|74.8|100.0|55.0|45.2|80.0,9,64.4,21.9,2,0,0.0,train
846,Magnus Abernathy,24,M,high,2.1,4,63.6,77.5|51.5|58.6|67.0|64.4|46.9|57.5|64.3|39.2|75.0|77.5|45.2|59.0,13,58.3,8.2,0,0,0.4731,train
138,Clara Upton,22,F,high,2.54,7,73.7,87.9|79.0|77.3|57.4|50.9|78.6|77.4|86.3|55.2|60.8|39.6|58.3|79.2|57.2|73.8,15,55.0,17.1,0,0,0.2695,train
356,Sawyer Merritt,27,M,high,3.53,7,81.3,83.8|89.4|76.1|62.1|85.7|71.0,6,75.8,5.3,2,0,0.0994,train
366,Yseult Jenkins,18,F,medium,2.33,7,74.8,48.0|70.3|51.6|81.0|100.0|52.1,6,66.8,11.1,1,0,0.2497,train
943,Hugh Yardley,26,NB,medium,3.03,5,57.5,45.4|59.2|61.5|61.1|51.8,5,17.6,5.3,0,1,0.5126,train
750,Atlas Sterling,20,M,medium,2.16,6,72.9,72.2|94.1|80.6|75.3|74.7|64.3|66.8|81.4|54.2|83.9|69.2|87.4|89.4|49.9,14,61.3,14.9,1,0,0.0,train
949,Atlas Jenkins,28,M,medium,2.45,4,72.7,75.1|66.5|55.8|69.8|74.4|67.2,6,42.2,12.8,0,0,0.3386,train
830,Riley Upton,18,F,medium,3.36,2,70.5,45.1|46.7|69.0|57.9|62.4,5,81.6,10.8,2,0,0.2796,train
657,Wren Vance,26,NB,medium,2.72,3,82.5,62.6|45.4|53.2|87.4|74.5|70.5|66.2|50.9|57.9|59.7,10,62.3,22.7,3,0,0.3535,train
200,Finley Redford,26,NB,low,2.27,4,63.9,66.7|70.6|66.5|54.7|66.4|76.5|71.8|75.2|62.4|90.0,10,49.5,21.8,2,0,0.0643,train
214,Clara Iverson,27,NB,low,1.53,5,49.5,57.5|53.3|45.8|47.3|64.9|46.7|53.2|87.0|33.1|26.7|66.2|44.3|49.7,13,35.2,9.2,1,1,0.5128,train
409,Ingrid Eastwick,24,F,low,2.02,5,77.9,57.6|26.5|38.8|56.1|42.4|53.6|60.3|81.7|55.4|75.9|81.2|81.3|64.1|30.3|66.7,15,68.6,12.7,3,0,0.3801,train
333,Ivan Zimmerman,24,M,medium,2.42,4,57.3,60.4|38.1|52.9|38.7|70.7|71.0|34.3|80.3|97.7|60.9,10,43.8,30.3,0,0,0.369,train
209,Sebastian Jenkins,28,M,low,2.47,4,73.4,46.9|20.0|49.7|69.6|63.9|62.3|51.6|36.7|63.6|43.3|88.6|64.4,12,39.7,7.7,1,1,0.4788,train
614,Ulric Underhill,18,F,low,2.73,4,78.4,60.2|80.8|93.1|79.3|73.8|57.5|80.0,7,99.3,16.5,3,0,0.0686,train
79,Freya Drummond,24,NB,high,2.37,4,80.6,74.0|74.6|78.6|61.4|63.0|50.8|55.3|69.3|78.1|58.0|53.3|60.1,12,62.2,4.6,1,0,0.3729,train
30,Celeste Farnsworth,19,M,high,2.81,7,92.8,54.3|77.8|64.8|67.9|86.8|71.5|72.0|80.0|58.4|51.3,10,41.9,3.2,3,0,0.2771,train
536,Rowan Iverson,28,F,high,2.03,5,82.8,49.3|28.1|67.4|44.0|75.4|54.8|69.6|81.5|42.4|52.0|59.4,11,76.8,9.5,0,0,0.3618,train
696,Freya Eastwick,21,F,medium,2.61,5,78.9,86.5|67.1|61.2|34.4|64.5|65.2|73.7|53.5|57.6,9,35.6,1.3,3,0,0.2726,train
558,Jordan Iverson,28,F,medium,2.78,2,74.5,87.3|79.9|45.9|47.5|74.0|64.4,6,52.3,21.7,0,0,0.2419,train
837,Jamie Abernathy,18,M,low,2.41,8,50.1,52.7|47.8|55.8|21.8|32.1|69.3|8.6|43.4|63.1|44.1|39.4|47.4|40.2|46.0|35.2,15,53.4,15.3,0,1,0.7376,train
597,Kieran Whitmore,20,M,high,2.18,5,81.6,67.1|72.8|84.9|59.1|55.1,5,70.4,18.0,2,0,0.2825,train
166,Iris Norwood,23,M,low,2.61,4,76.3,36.7|36.4|54.6|64.4|83.8|67.5,6,46.0,5.7,2,0,0.4532,train
919,Clara Prescott,28,F,medium,2.63,4,87.7,67.7|82.5|51.8|62.4|87.7|55.3|63.2|69.3|50.6|59.3|67.2,11,60.0,23.4,2,0,0.2384,train
496,Jasper Bellingham,20,NB,medium,2.21,2,47.4,48.3|33.3|38.7|61.4|38.0|72.3|54.5|56.9|51.4|67.2|67.4|60.6,12,56.7,10.0,0,1,0.4847,train
825,Celeste Fairchild,19,F,high,2.64,6,67.8,51.2|57.2|53.9|75.3|49.4,5,79.3,20.2,2,0,0.2386,train
66,Maeve Ingersoll,21,NB,medium,1.84,3,66.5,55.9|43.0|57.9|42.4|65.0|53.0|45.8|54.2|23.9|30.5|29.5|49.6|73.4|80.9|57.0,15,46.5,0.0,0,1,0.6891,train
142,Sebastian Crawford,22,F,medium,2.62,7,58.5,52.3|23.1|33.5|46.1|49.3|31.0|84.1,7,62.3,11.4,0,1,0.6768,train
926,Xander Davenport,23,F,low,3.31,6,76.0,30.7|67.2|62.0|80.2|100.0|85.4|100.0,7,78.5,16.2,0,0,0.0,train
828,Magnus Yarborough,18,F,high,2.45,3,59.1,66.3|66.1|49.4|44.5|64.9|62.7|60.0|65.0,8,43.6,13.4,2,0,0.2193,train
656,Iris Crawford,24,NB,medium,1.87,5,65.3,34.4|54.5|60.9|47.6|53.6|39.3|61.6|76.2|44.0|51.1|67.9|78.6|38.0|57.9|64.7,15,52.1,0.0,3,0,0.3648,train
332,Sebastian Iverson,20,F,low,1.94,7,72.6,93.5|91.7|84.1|67.3|71.2|68.0|86.9|56.8|57.9|85.1|69.3,11,85.0,13.7,4,0,0.1257,train
665,Alaric Yardley,21,NB,low,2.66,3,77.4,64.1|32.8|91.7|84.4|74.8|96.7,6,47.6,28.2,2,0,0.1718,train
250,Milo Hartwell,28,F,low,2.5,2,65.9,43.5|49.6|73.1|64.4|88.1,5,67.4,18.7,2,0,0.4512,train
908,Ulric Iverson,28,F,medium,2.38,2,51.2,66.5|64.0|75.6|67.2|69.9|43.5|65.6|83.1|43.2|80.5|45.3|40.8|58.0|64.3|67.2,15,31.4,12.9,2,1,0.5366,train
709,Stellan Abernathy,26,F,medium,3.26,4,81.6,79.0|52.3|64.7|64.8|69.4|61.1|67.0,7,47.3,23.3,5,0,0.0,train
306,Nova Eastwick,25,F,low,2.13,1,75.1,83.4|66.7|37.4|46.1|79.7|57.3|61.0|71.2|70.3,9,57.1,11.9,3,0,0.3793,train
735,Elodie Caldwell,19,NB,high,0.72,2,54.7,43.8|34.8|42.4|42.1|50.0,5,22.2,11.0,0,1,0.6073,train
976,Quentin Yarborough,27,F,medium,1.8,8,70.9,26.2|100.0|78.2|61.1|81.8|77.8,6,79.3,27.3,2,0,0.0,train
50,Hugh Norwood,18,M,low,3.81,3,81.8,93.3|97.8|90.0|68.5|81.1|74.6|61.4|79.9|57.3|92.8|68.0|78.0|79.2,13,66.1,23.5,0,0,0.0,train
897,Reese Farnsworth,28,NB,low,2.99,6,60.7,74.3|47.6|57.2|16.4|68.7|53.0|79.3|68.5|79.5|46.4|78.2|94.3|74.1,13,68.0,15.5,2,0,0.3082,train
3,Ulric Crawford,19,M,low,2.1,1,42.7,60.5|64.2|47.3|78.1|36.1|32.6|57.9|70.2|79.8|47.6|70.7|53.9|51.9,13,60.2,14.7,0,1,0.5119,train
545,Luna Yarborough,23,M,low,3.01,7,75.1,41.2|81.5|77.6|65.7|50.7,5,79.4,18.4,1,0,0.0,train
351,Casey Fairchild,21,NB,low,2.58,5,73.7,34.3|74.1|58.5|74.3|56.8|20.1|55.6|73.8|44.5|52.1|55.2|14.4|83.0|44.4|65.5,15,49.5,19.8,0,0,0.4277,train
905,Quinn Vance,27,M,low,3.05,3,60.4,59.4|28.4|39.3|68.2|64.8,5,78.4,20.9,1,0,0.3978,train
537,Milo Fairchild,21,F,medium,2.5,8,83.0,60.9|71.9|46.3|100.0|49.4|64.8|69.1,7,92.6,9.6,2,0,0.1349,train
345,Atlas Ellington,19,NB,low,2.23,1,49.0,76.0|53.5|68.4|47.0|61.7|66.2|69.7|49.0|83.7|56.8|40.6,11,57.9,16.0,1,0,0.2322,train
995,Milo Eastwick,19,M,high,3.5,8,71.8,65.6|42.6|100.0|68.8|86.6|52.4|86.0|98.9|70.1|55.9,10,63.4,4.8,4,0,0.0996,train
482,Xander Caldwell,22,M,low,2.81,1,72.2,57.4|75.5|50.6|66.8|75.6|90.0|80.6|59.8|88.2|66.1|52.0|68.0|92.1|73.0,14,65.2,27.8,3,0,0.1111,train
576,Felix Lockwood,19,NB,low,3.44,1,85.5,85.4|68.5|91.1|79.4|64.8|74.8|71.4|82.3|57.3|74.6,10,75.9,20.2,2,0,0.0,train
34,Nadia Gillingham,26,M,low,2.45,4,74.9,80.4|96.6|77.5|53.6|78.2|89.5|62.4,7,64.1,18.5,3,0,0.0856,train
32,Milo Thornwood,21,M,low,1.92,8,41.9,66.6|49.8|53.5|52.4|60.1|45.2|23.0,7,39.4,1.5,0,1,0.8131,train
232,Fiona Ashford,28,NB,high,2.25,4,64.2,66.2|63.2|28.9|42.0|72.8|56.9|51.0,7,31.4,6.2,1,0,0.4041,train
964,Olive Overton,28,NB,low,2.36,7,51.8,54.0|76.8|39.3|24.6|60.7|52.3|43.3|63.7,8,58.9,0.0,1,1,0.5273,train
193,Gareth Montgomery,22,F,medium,2.54,2,43.5,74.0|56.5|100.0|93.5|56.1,5,50.2,18.7,1,0,0.4035,train
334,Ingrid Upton,19,NB,high,2.07,4,76.2,70.5|87.9|73.2|60.3|53.5,5,56.7,10.7,2,0,0.1807,train
4,Fiona Xenakis,21,F,high,1.12,5,63.2,66.5|36.4|51.7|53.2|49.7,5,28.9,2.8,0,1,0.7308,train
205,Hugh Underhill,19,F,medium,2.91,8,86.2,87.5|85.2|83.5|62.8|46.2,5,63.9,25.9,0,0,0.0056,train
515,Peyton Vance,25,NB,medium,2.5,1,76.5,51.2|73.3|55.3|64.6|79.9|78.6|66.4|40.2|100.0|93.0|77.6|55.5|65.1,13,52.6,23.9,1,0,0.2058,train
800,Ivan Underhill,20,NB,low,1.99,7,68.2,71.3|50.8|63.3|54.5|71.3|64.2|61.6|84.1|70.6,9,43.6,13.1,2,0,0.3574,train
307,Nova Davenport,22,F,medium,1.84,1,60.1,56.5|44.4|64.5|46.3|35.4|36.8|33.5|44.1|66.7,9,27.8,9.1,1,1,0.6694,train
110,Drew Pemberton,22,NB,medium,2.67,5,69.3,28.5|58.3|49.0|64.4|100.0|67.3|57.0|75.6|69.0|68.0|70.8|92.6|44.8|68.8,14,41.2,17.4,0,0,0.3314,train
431,Maeve Radcliffe,22,M,low,3.36,1,89.6,68.2|78.9|72.3|60.0|92.2|73.7|100.0|48.5|64.5|73.3|89.9,11,73.6,20.9,4,0,0.0542,train
78,Isla Abernathy,18,NB,medium,2.72,8,73.2,76.8|61.9|69.8|62.4|68.0,5,48.9,0.4,2,0,0.2752,train
85,Rowan Redford,18,M,low,2.47,4,73.9,64.3|88.3|77.5|52.4|72.8,5,70.8,24.2,4,0,0.1479,train
287,Rosalind Pemberton,21,F,high,3.55,8,71.0,68.5|61.6|51.5|59.7|38.5,5,90.1,7.0,1,0,0.3121,train
83,Dorian Sterling,21,F,medium,1.33,6,60.2,57.0|57.0|52.8|46.5|56.3|55.1|40.9|37.6|47.7|69.5|27.6,11,15.6,8.0,1,1,0.7195,train
992,Otto Lancaster,19,M,high,2.71,5,81.3,70.1|71.6|88.8|73.1|90.4|98.1|87.8|83.0|79.9|88.0|76.3|89.8|84.2|69.6,14,83.4,20.5,2,0,0.0,train
790,Ivan Farnsworth,26,NB,high,2.98,1,81.3,68.9|65.8|86.8|65.3|87.7|75.3|67.2|84.3|64.1|84.6|78.2|66.1|82.9,13,78.2,26.9,0,0,0.0,train
895,Magnus Holloway,24,NB,low,1.88,4,39.0,72.2|43.6|40.1|21.1|52.3,5,40.9,0.0,1,1,0.6955,train
399,Luna Underhill,25,F,low,2.14,2,66.1,41.1|60.5|78.8|72.4|83.2|57.6|82.3|59.2|84.2|61.8|72.8|84.3|59.2|65.4,14,74.9,13.4,0,0,0.3214,train
324,Drew Overton,24,NB,low,2.53,4,53.6,37.1|34.6|15.0|70.6|47.1|32.7|60.0|25.5,8,36.8,3.2,0,1,0.8731,train
520,Stellan Davenport,23,M,medium,3.29,2,55.6,64.5|53.6|25.8|22.8|44.8|69.3|65.3|67.2|38.7,9,70.0,4.5,0,1,0.5378,train
917,Juno Holloway,21,F,high,2.23,4,67.5,85.7|74.5|72.2|50.3|58.4|35.1|62.4|59.0|55.3,9,62.8,3.7,0,1,0.502,train
923,Luna Ellington,19,M,high,2.4,7,57.8,37.4|28.3|57.7|53.2|49.5|79.5|46.8|80.9,8,77.1,1.4,3,0,0.3832,train
6,Thalia Holloway,23,F,high,1.92,5,82.0,56.3|68.5|62.6|70.5|64.5,5,37.6,20.7,3,0,0.2915,train
732,Ezra Yarborough,20,M,high,2.8,6,86.5,79.4|78.4|87.5|87.4|68.9|80.4|65.0|56.9|66.7|69.6|45.9|83.7|29.3|100.0,14,87.8,16.5,1,0,0.1054,train
466,Silas Montgomery,18,F,high,2.31,7,65.1,95.1|21.6|60.5|89.1|65.0|74.5|64.7,7,46.7,1.2,2,0,0.2948,train
98,Nadia Eastwick,26,M,high,2.4,8,64.3,48.5|68.9|64.7|65.8|50.5|26.1|74.8|51.2|45.4|68.8|52.5|74.3|67.6|68.6|37.9,15,69.5,14.1,2,0,0.4153,train
267,Finley Waverly,25,F,medium,1.93,8,36.2,31.7|46.1|61.2|40.8|41.1|38.6|36.7|49.1,8,13.4,14.0,1,1,0.7581,train
358,Ronan Overton,23,M,low,2.39,7,76.5,68.5|48.9|71.7|76.8|66.5|81.2|45.6|70.9,8,39.9,8.3,0,0,0.2778,train
869,Lorelei Norwood,27,NB,medium,1.94,5,54.7,66.3|58.2|40.8|74.0|28.9,5,58.6,3.1,2,1,0.5146,train
799,Sawyer Kingsley,26,F,low,1.91,3,70.8,84.8|55.4|71.2|76.8|72.9|56.0|44.4|27.6|56.8|78.4,10,37.1,17.8,1,0,0.3571,train
381,Beatrix Farnsworth,19,F,low,3.22,4,77.3,69.8|66.6|87.6|50.8|78.5|85.9|80.1|100.0|61.5|83.8|67.8|87.9,12,63.6,15.2,2,0,0.1401,train
632,Riley Quarles,20,NB,high,0.87,3,46.3,37.3|35.2|51.5|62.5|43.7|48.8|47.4|45.7|29.4|62.3|50.1|51.6,12,24.9,4.1,1,1,0.7324,train
382,Magnus Garrison,28,NB,high,3.35,3,70.1,45.8|59.2|76.3|87.9|68.7|86.8|46.6|60.3|62.7|65.3,10,62.3,20.5,0,0,0.2002,train
491,Kai Overton,19,F,high,2.8,8,64.9,64.3|48.7|71.6|59.9|56.9,5,48.9,13.4,3,0,0.348,train
119,Yseult Caldwell,21,NB,high,2.3,1,63.5,39.7|62.4|33.2|62.9|52.1|57.9|31.9|36.1|58.5|35.3|56.5|29.1|62.3|31.1|57.9,15,50.8,4.4,1,1,0.6357,train
901,Jasper Hartwell,27,M,medium,1.88,7,78.1,33.8|75.8|57.9|50.0|59.8|68.3,6,70.6,13.9,2,0,0.4422,train
251,Ivan Pemberton,26,F,high,2.25,2,90.9,72.8|65.3|76.1|87.8|81.1|60.4|84.7|64.0|76.9,9,63.9,18.1,2,0,0.0348,train
524,Wren Pemberton,28,F,medium,2.22,7,82.5,67.4|88.2|68.5|70.7|84.9|61.0|52.5|70.8|77.1|48.1,10,37.0,12.0,1,1,0.4926,train
10,Kai Kensington,28,F,high,2.37,2,71.2,72.2|73.4|65.2|38.4|80.1|38.4|60.1|44.3|54.6|60.5|60.4|61.9|79.8|62.4,14,44.5,17.0,2,1,0.4856,train
197,Esme Fairchild,24,M,medium,2.32,3,91.6,79.8|61.5|84.9|62.4|58.1|58.4|43.3|76.9|42.4|51.4|38.7|68.5|67.6|64.9,14,48.6,10.6,3,0,0.129,train
604,Quentin Ingersoll,19,F,medium,2.16,5,51.6,43.7|51.8|51.6|51.8|49.2,5,52.0,7.7,1,1,0.6889,train
82,Ingrid Waverly,24,M,medium,1.84,3,37.4,54.6|93.6|69.2|57.1|53.5,5,50.6,15.4,1,0,0.4393,train
784,Magnus Iverson,21,M,high,3.33,1,55.9,68.5|49.3|58.8|66.8|46.3|45.3|79.8|69.7|66.8|66.7,10,54.3,23.1,0,1,0.5026,train
588,Finley Davenport,24,M,high,2.32,2,60.0,78.8|74.7|54.4|46.6|92.6,5,85.0,2.6,3,0,0.1375,train
798,Sawyer Abernathy,23,M,high,2.67,7,52.9,52.2|66.0|71.8|46.3|83.6|58.9|38.5|59.7|48.4|60.7|53.5|55.3|40.5,13,61.4,3.7,2,1,0.5204,train
240,Clara Thornwood,28,M,medium,1.88,6,45.9,54.5|67.4|62.2|16.9|83.1,5,49.1,5.2,2,1,0.5631,train
291,Ada Lockwood,22,NB,low,3.29,8,60.2,65.1|64.3|47.0|77.4|98.0|62.8|70.7|64.3|52.4|35.8,10,46.0,6.3,3,0,0.298,train
212,Clara Fairchild,28,F,medium,1.52,5,66.9,74.3|96.9|32.8|53.3|18.4|57.9|41.4|78.5|38.0|24.3|42.6|20.0|60.9|18.7|50.1,15,10.3,6.7,0,1,0.6339,train
718,Helena Redford,22,F,low,2.03,2,75.0,60.6|56.9|48.3|39.5|79.1|67.8|35.1|70.9,8,66.4,13.8,3,0,0.3876,train
360,Zephyr Tremaine,25,M,medium,2.76,7,82.3,72.3|85.7|76.5|56.4|100.0|72.2|67.1|83.7|73.0|75.3|100.0,11,59.4,15.5,1,0,0.1432,train
450,Ingrid Zane,23,NB,high,3.59,1,73.7,55.8|70.6|70.4|83.1|60.0|92.1|100.0|71.0|90.3|55.7,10,82.3,24.8,0,0,0.0852,train
228,Alex Fairchild,25,NB,low,2.75,8,75.6,83.7|43.9|72.5|80.2|99.6|64.6|76.6|44.7|35.9|84.4|71.7|89.5,12,45.8,21.7,4,0,0.0806,train
951,Xander Iverson,27,NB,high,1.87,8,64.5,50.7|59.2|64.4|69.9|58.2|50.3|88.7|99.6|65.6|52.1|85.5|41.7,12,51.9,10.6,2,0,0.2897,train
947,Taylor Underhill,20,F,low,2.81,4,91.1,83.3|72.0|56.2|79.6|83.3|85.9|80.2|70.9|89.9|76.0|68.0|72.3|48.8,13,67.3,24.1,5,0,0.0,train
797,Ivan Radcliffe,28,NB,low,2.33,2,75.2,63.9|68.6|50.0|49.1|75.6|60.2,6,59.0,12.0,0,0,0.3401,train
502,Persephone Merritt,21,F,medium,1.75,2,60.0,55.5|31.3|75.1|46.8|29.4|66.7|73.1|41.4|34.4|39.3|52.6,11,51.9,8.5,0,1,0.8274,train
465,Beatrix Hartwell,18,F,low,2.61,3,88.1,56.8|58.7|66.6|53.7|57.4|57.1|52.7|80.6|69.0|65.9|74.3|58.2|50.5|53.1,14,55.5,7.9,3,0,0.3219,train
363,Jamie Iverson,19,M,medium,2.33,8,77.4,67.2|84.6|63.2|77.5|100.0|71.1|62.8|72.9|56.6|97.9,10,58.2,12.6,2,0,0.3228,train
469,Ingrid Whitmore,20,F,low,2.64,4,66.2,81.5|60.3|44.0|35.6|85.2|75.6|67.6|59.7|58.4|50.2|59.8|34.5|55.3|61.6|75.5,15,59.6,20.9,0,0,0.2174,train
936,Kieran Whitmore,25,F,low,2.66,7,71.1,43.7|60.0|64.5|56.6|76.3|79.8|64.8,7,63.4,3.0,2,0,0.2245,train
429,Esme Kensington,18,F,medium,2.07,3,53.7,59.2|64.9|64.6|66.5|41.0|45.9|62.0|42.5|50.3|56.4|62.2,11,15.7,13.2,1,1,0.6146,train
8,Atlas Garrison,19,M,high,2.55,4,57.1,54.5|23.4|67.1|58.5|68.3|9.9|84.7|51.2|69.9,9,30.0,13.9,0,1,0.5419,train
156,Kendall Farnsworth,23,M,medium,2.19,1,73.1,56.4|88.1|50.2|81.5|81.5|95.6|62.0|78.8|100.0,9,53.0,7.7,4,0,0.1714,train
542,Jasper Iverson,18,NB,low,3.06,4,88.1,67.5|51.9|62.0|72.2|73.2|100.0|73.5|90.0,8,60.4,16.9,2,0,0.0676,train
441,Cameron Quarles,23,M,medium,2.49,2,67.5,66.0|17.4|77.7|46.1|67.5|68.3|44.0|67.1|51.4|26.1|74.7|45.5|44.3|51.1,14,54.0,11.6,2,0,0.446,train
483,Jamie Hartwell,20,NB,medium,2.28,4,72.1,50.8|80.6|77.5|98.1|78.7|68.9|75.0|76.8|49.9|100.0|82.8|78.2|84.2|85.6|72.9,15,60.5,23.6,4,0,0.0,train
423,Silas Radcliffe,27,M,high,2.34,3,66.9,67.8|46.0|58.1|50.6|50.1|31.8|83.6|53.2|80.9|79.5|44.2|47.2,12,95.5,25.3,2,0,0.2878,train
779,Sebastian Iverson,20,NB,high,2.67,4,73.0,86.9|58.8|67.9|48.8|56.4|38.9|58.8,7,50.5,15.8,2,0,0.3314,train
950,Ezra Hartwell,28,F,medium,2.86,6,50.6,27.2|81.2|66.2|67.7|42.4|69.6|62.7|34.8|79.9|60.9|52.6|52.9|28.3|67.5|62.5,15,48.6,20.3,2,0,0.4108,train
335,Winifred Pemberton,27,NB,low,2.13,2,49.7,28.8|70.1|43.8|32.2|48.7|52.3|25.1|56.2,8,27.6,19.6,2,1,0.5938,train
577,Oberon Iverson,26,F,high,3.06,2,72.3,58.5|61.9|63.1|64.7|31.3,5,47.1,3.7,0,0,0.4089,train
935,Zephyr Blackwood,25,NB,medium,3.44,3,57.0,50.1|65.0|48.2|66.6|45.8|84.1|61.8|47.3|47.8|48.9|77.2|37.6,12,39.3,8.3,2,0,0.46,train
568,Persephone Gillingham,26,NB,low,2.32,1,86.3,69.3|74.3|56.4|73.5|64.7|59.6|82.1|48.0|79.6|81.3|57.9|58.8|67.7|75.3|68.8,15,72.1,28.8,1,0,0.098,train
595,Milo Montgomery,21,F,medium,1.3,3,58.6,79.9|35.7|39.2|40.0|52.6|34.7|56.9|63.3|58.6|24.1|65.6|64.7|63.1|56.2|53.9,15,58.1,20.6,0,1,0.6094,train
531,Winifred Montgomery,25,NB,medium,2.06,5,51.1,68.1|68.5|57.1|64.8|54.0|58.1|72.1,7,56.4,9.8,2,1,0.5096,train
582,Ezra Ingersoll,27,M,high,3.0,3,86.5,50.3|60.0|76.5|71.9|88.1|71.5,6,86.6,18.8,3,0,0.2462,train
708,Juno Crawford,24,F,high,2.25,4,56.4,30.9|30.8|63.2|53.2|44.7,5,41.6,5.6,1,1,0.7887,train
449,Atlas Kensington,26,M,low,3.89,1,93.8,66.3|71.9|86.5|63.9|56.3|79.2|67.3|68.9|53.6|40.4|69.7,11,73.6,14.7,0,0,0.2215,train
454,Leo Waverly,27,M,medium,2.89,3,55.2,62.1|68.7|42.3|49.2|40.7|43.6|36.6|42.5,8,69.9,5.9,1,0,0.476,train
229,Sebastian Drummond,18,F,low,3.68,3,80.6,72.3|68.3|44.6|88.5|59.0|75.7|44.7|50.5|89.7|62.9|90.0|67.0|40.5,13,75.7,13.4,4,0,0.1712,train
353,Sebastian Caldwell,25,F,high,2.48,6,57.6,26.1|39.5|62.5|54.9|70.1|58.5|37.9|40.5|54.0|17.7|77.5|59.0|70.8|28.7,14,63.3,23.2,0,1,0.5644,train
729,Ezra Yarborough,25,M,high,2.62,3,73.1,79.8|71.4|48.6|61.5|76.3|74.1|70.3|80.4|61.0|69.1|15.8|59.7|77.9,13,54.5,13.3,2,0,0.2151,train
213,Beatrix Iverson,27,NB,low,2.94,6,59.2,38.5|51.0|51.7|58.5|31.0|60.3|10.9|42.0|44.1,9,53.0,9.5,2,1,0.5885,train
80,Alaric Yarborough,25,M,medium,1.85,6,79.5,56.7|67.4|72.8|68.2|96.8|79.9|79.5|84.3|57.9|90.6|73.9|85.1|58.9|51.7|87.3,15,75.6,14.6,5,0,0.0,train
149,Oberon Underhill,27,NB,high,3.16,1,61.2,59.2|66.2|36.7|81.3|58.8|80.3|44.8|83.1|67.4|64.1|59.3|52.1|73.8|57.9,14,18.9,4.6,2,1,0.4805,train
303,Ronan Underhill,25,NB,medium,2.57,3,64.7,68.1|53.3|44.5|30.1|65.8,5,52.2,4.5,2,1,0.5368,train
629,Felix Iverson,25,NB,low,2.03,6,68.8,65.3|62.7|55.9|74.4|61.4|71.0|33.8|1.6|64.7|39.1|57.3,11,49.1,23.0,1,0,0.3639,train
778,Iris Sherwood,24,F,high,3.18,6,75.0,55.0|28.6|59.9|78.9|57.6|63.9|69.8|48.2|72.8|88.0|60.9|46.5,12,56.0,1.5,1,0,0.2881,train
507,Rowan Kingsley,27,NB,high,2.79,7,65.0,68.5|69.2|44.4|81.9|53.7|68.3,6,78.4,21.9,3,0,0.2019,train
343,Otto Lancaster,25,NB,high,2.33,8,83.9,32.3|60.0|34.2|21.0|63.0|60.6|54.3|57.0|100.0|54.7|66.2|48.8,12,55.9,11.2,0,0,0.4112,train
486,Alex Davenport,21,NB,low,2.85,6,89.4,87.2|84.0|90.6|59.7|71.6|60.9|69.2|90.2|76.6,9,100.0,21.2,0,0,0.0,train
712,Freya Vandermeer,20,F,low,1.27,8,75.3,45.2|46.3|72.3|56.8|75.7|80.1|52.3|73.9|50.6|95.5|51.6|77.4|74.6|66.7,14,45.3,13.2,3,0,0.3258,train
134,Olive Zane,21,NB,medium,1.85,4,66.9,74.7|46.7|63.1|25.0|47.5|55.8|42.6|42.2|46.2|60.6|53.5,11,15.3,0.0,0,0,0.4684,train
704,Thalia Vance,27,F,high,2.72,7,82.5,99.7|71.5|64.7|64.7|66.8|66.1|55.8|58.1|62.6|83.9|69.3|71.9|94.1,13,89.4,18.3,5,0,0.0,train
312,Avery Lockwood,26,NB,medium,2.86,2,41.3,33.1|33.6|49.0|56.5|61.1|88.6|16.3|59.1|41.7|41.2|40.7|36.4|75.3|62.6,14,42.2,16.9,0,1,0.6247,train
723,Zephyr Vandermeer,27,M,medium,2.96,4,54.9,98.6|81.8|79.4|73.6|76.9,5,60.5,23.5,0,0,0.013,train
630,Persephone Ashford,25,NB,high,2.26,2,55.5,62.6|55.6|43.2|66.1|33.4|54.9|26.8|53.1|53.0|75.2|26.6,11,32.9,13.7,1,1,0.6235,train
1,Emerson Zane,28,M,low,2.99,5,70.5,56.9|46.3|66.5|61.9|69.5|65.6|71.8|48.0,8,68.4,12.7,0,0,0.4742,train
317,Peyton Kensington,21,NB,low,2.19,1,53.0,44.7|41.4|46.1|65.5|50.9|33.9|80.7|59.0|33.1|47.6|55.8,11,72.1,4.0,1,1,0.5205,train
707,Isla Ashford,23,F,medium,2.6,1,89.5,93.3|78.0|84.1|83.0|95.1|44.6|83.8|88.6|53.7|60.5|61.0|62.9,12,61.4,20.9,3,0,0.0299,train
548,Taylor Davenport,27,M,high,2.9,1,85.9,51.2|73.4|58.8|80.9|78.4|66.2|57.9|77.4|72.7|52.8|43.1|58.7|85.8|80.2|46.3,15,39.0,22.3,0,0,0.2992,train
873,Nova Hartwell,20,NB,medium,3.39,6,90.6,77.3|96.7|65.6|76.4|86.0|55.0|100.0,7,70.2,20.8,2,0,0.0052,train
533,Luna Zane,28,F,high,2.55,2,62.8,54.0|66.0|75.8|52.7|48.6|70.9|61.2|74.1,8,41.4,3.3,2,0,0.3335,train
478,Esme Ellington,18,M,low,1.86,3,53.0,74.4|52.1|56.9|65.1|74.1|52.9,6,73.5,0.0,2,0,0.4278,train
405,Thalia Thornwood,27,M,low,2.47,4,65.6,70.6|57.3|92.8|46.5|88.5,5,57.6,17.5,2,0,0.2375,train
173,Dakota Fairchild,24,F,high,2.63,2,82.3,68.4|78.3|68.8|82.0|69.6|60.3|95.9|75.1|70.4|42.6|42.4|66.2,12,57.3,10.4,3,0,0.3307,train
126,Nadia Holloway,21,F,high,1.97,3,32.1,52.5|29.6|42.9|51.4|38.6|45.9|31.3|36.1|36.0,9,18.4,2.8,0,1,0.8976,train
395,Thalia Vandermeer,20,NB,medium,2.62,7,52.1,43.8|67.6|31.1|55.8|28.7|65.2|45.3,7,60.0,11.3,1,1,0.6449,train
421,Olive Zimmerman,19,M,medium,1.03,2,32.8,48.7|29.4|35.9|16.0|43.2|39.7,6,20.1,3.3,0,1,0.8652,train
553,Felix Lancaster,21,F,high,2.2,4,41.7,70.0|79.9|51.5|57.0|52.3|57.3|47.5|48.8|62.9|84.5,10,20.1,7.8,1,1,0.6419,train
904,Taylor Gillingham,27,M,low,1.98,1,29.2,53.9|40.2|26.0|73.4|49.8|43.8|42.2,7,17.2,0.1,1,1,0.6696,train
91,Gareth Zimmerman,28,F,low,1.96,7,62.2,70.3|61.6|68.8|89.7|36.6|84.3|61.6|46.5|40.1|57.2|73.9|58.1,12,75.8,4.6,0,0,0.3743,train
940,Winifred Whitmore,25,NB,low,2.03,6,55.2,49.7|100.0|77.5|69.5|63.9|62.9|84.1|59.3|75.3|61.4,10,89.7,20.7,1,0,0.209,train
182,Luna Garrison,19,NB,high,2.15,4,80.5,58.2|36.7|87.5|83.9|70.3|73.0|85.7,7,67.3,23.0,3,0,0.1357,train
275,Riley Bellingham,20,F,high,2.46,6,93.3,61.0|58.7|72.0|81.1|68.7|88.3|78.8|38.1|62.9|62.4|78.0,11,25.9,33.4,2,0,0.1046,train
896,Alaric Davenport,27,NB,medium,2.46,6,54.4,94.9|46.0|48.0|41.4|73.7|48.9|43.6|65.1|33.8|63.9|81.2|63.0|64.1|67.6|80.2,15,65.1,13.4,1,1,0.5122,train
70,Luna Montgomery,20,NB,high,2.26,1,69.0,58.5|88.1|35.4|100.0|83.3|70.8,6,60.7,18.3,3,0,0.1887,train
292,Finley Underhill,22,F,low,3.51,7,72.5,60.7|79.3|49.1|54.4|67.0|81.4|73.5|69.7|67.1|71.9|69.0,11,44.3,16.2,2,0,0.2267,train
132,Thalia Gillingham,22,NB,medium,2.6,8,51.5,82.5|42.8|63.6|43.9|51.5|47.8|51.2,7,45.4,10.1,3,0,0.3671,train
301,Sebastian Hartwell,27,M,medium,2.97,5,82.9,73.7|61.7|61.6|51.3|96.1|69.5|65.9|55.4|100.0|53.2|62.9|75.5,12,72.6,23.2,4,0,0.1428,train
425,Olive Iverson,19,NB,high,2.66,7,61.9,54.4|67.7|61.8|76.2|47.6|48.1|35.0|48.1|69.0|74.0,10,61.4,0.0,1,1,0.5113,train
327,Finley Tremaine,27,F,high,1.71,6,55.0,29.2|49.7|77.9|64.8|74.1|55.3|66.9|38.6,8,31.6,0.0,1,1,0.6395,train
145,Ulric Lancaster,22,NB,low,2.9,8,49.1,15.9|51.6|66.7|76.4|51.5|52.2|75.7|30.4|52.6,9,54.2,15.2,2,0,0.415,train
424,Drew Iverson,20,F,high,2.09,8,57.9,41.8|57.8|40.5|20.8|31.5|51.6|34.3|50.3,8,27.2,4.6,0,1,0.5929,train
581,Quentin Montgomery,26,NB,low,3.04,7,59.2,88.1|87.5|55.6|49.0|68.1|52.4|40.3|76.8|75.9|59.9|38.7|39.2|59.2|50.1,14,45.3,18.3,1,0,0.4346,train
136,Drew Jenkins,20,NB,high,1.68,6,42.4,50.4|22.7|56.8|39.3|28.5|38.8,6,55.7,3.5,1,1,0.7375,train
451,Avery Kingsley,22,M,low,2.93,4,68.1,17.3|52.0|52.2|47.0|63.5|55.3|49.3|45.7|50.9|78.4|51.7,11,47.2,11.2,3,0,0.3343,train
165,Taylor Davenport,19,F,low,1.93,4,59.6,50.6|36.6|68.2|86.2|54.3|37.8|28.1|55.2|67.9|58.5|51.3|42.5|35.0|63.9|65.1,15,20.2,18.9,2,1,0.5908,train
29,Celeste Northwood,20,NB,high,2.18,8,80.4,84.8|77.8|81.9|55.7|45.7|89.5|62.2|63.2,8,80.9,19.7,3,0,0.1998,train
774,Nova Ingersoll,23,NB,medium,1.54,6,57.7,41.4|67.9|75.3|61.5|28.0|73.9|74.9|51.6|71.1|43.0|23.3|39.9|77.2|28.9|51.3,15,43.8,6.2,1,1,0.5931,train
194,Otto Ellington,20,F,high,3.79,4,66.7,46.7|64.1|82.2|80.9|89.5|55.5|38.7|86.3|61.0|43.2|75.6|85.4|71.6,13,61.4,18.3,4,0,0.0386,train
389,Peyton Merritt,24,F,low,2.38,4,69.0,50.3|56.1|44.9|54.2|58.1|50.0|24.4|56.5,8,49.0,5.3,1,1,0.5876,train
853,Zephyr Ashford,27,NB,medium,2.36,7,92.9,100.0|63.2|72.7|68.8|63.5|54.9|51.1|50.3|73.5|59.6,10,22.7,19.2,0,0,0.1907,train
170,Ivan Zimmerman,20,NB,medium,3.84,2,88.8,71.7|83.9|85.1|60.1|56.3|69.7,6,75.7,17.9,3,0,0.1616,train
706,Rosalind Iverson,24,F,low,1.98,5,58.4,34.9|54.8|50.0|54.2|77.0,5,50.1,6.2,0,1,0.5015,train
141,Ezra Davenport,19,F,low,1.71,5,84.5,72.4|60.3|77.7|46.0|66.9,5,54.7,14.3,0,0,0.4069,train
174,Zephyr Lockwood,23,NB,low,2.42,2,79.1,68.0|40.5|55.9|45.5|51.8|51.4|50.4,7,31.6,11.4,1,0,0.4353,train
7,Yseult Northwood,24,M,high,1.64,5,32.2,38.8|67.7|58.0|40.0|40.0|40.4|76.4|50.9|51.7|60.7|48.8|41.3|42.3|44.1|44.6,15,47.4,6.9,1,1,0.7448,train
746,Wren Zimmerman,21,NB,high,3.05,4,73.8,47.5|74.4|76.1|32.4|55.7|57.9|70.0|56.2|67.7|65.1|65.9,11,51.7,13.1,4,0,0.1686,train
479,Ronan Vance,23,NB,high,1.88,7,26.6,55.6|37.1|24.9|44.9|48.4|44.6|19.6|27.7|34.9|34.4|46.2|4.8|40.0|30.7,14,12.4,0.0,0,1,1.0,train
74,Maeve Redford,25,NB,low,1.82,5,40.0,40.7|16.9|48.6|45.4|33.1|55.2|59.4|21.2|33.9|33.8|31.3|57.8,12,33.7,5.1,0,1,0.7412,train
911,Sawyer Blackwood,27,M,low,2.56,2,86.5,44.4|79.4|76.4|74.6|80.8|62.7|36.0|63.0|49.2|53.1|45.4|56.9|55.1|28.4|74.6,15,91.0,18.7,3,0,0.2731,train
814,Felix Northwood,28,F,medium,2.86,3,70.7,51.6|59.7|50.7|61.3|82.1|73.6|66.8|51.6|70.3|33.7|55.2|67.8|70.1|69.1,14,56.5,11.6,1,0,0.3991,train
239,Wren Caldwell,18,F,medium,2.93,7,82.9,71.0|62.8|76.5|77.8|72.2|55.2|71.8|85.6|58.7|99.1|59.7|68.1|57.5,13,65.0,6.2,3,0,0.1846,train
146,Wren Farnsworth,19,F,medium,1.93,5,58.1,15.9|43.3|60.0|38.4|54.1|59.9|48.0|55.7|38.7|50.1|62.3|55.5|44.4|56.5|63.9,15,14.7,17.1,1,1,0.5455,train
793,Rosalind Kingsley,25,M,medium,2.14,5,74.9,74.9|74.5|48.4|55.8|61.9|37.7|82.2|58.1|62.5|49.6|38.4|49.2|61.6|68.4,14,53.6,14.6,0,0,0.4179,train
235,Ada Redford,24,F,medium,1.46,1,27.0,24.9|50.1|20.0|15.6|30.1|50.5|36.6|32.6|40.2|13.4,10,37.6,6.4,0,1,0.886,train
221,Yseult Eastwick,26,M,medium,1.76,8,27.6,24.6|64.8|26.8|62.7|34.2|37.9|53.9|56.9,8,26.5,1.0,0,1,0.9287,train
924,Silas Prescott,25,NB,medium,2.78,1,72.3,24.3|46.3|79.6|98.3|81.5|72.9|67.7|93.2|100.0|59.2|38.0,11,30.7,24.8,1,0,0.175,train
501,Lorelei Merritt,18,F,high,2.17,7,59.1,36.9|62.6|53.0|26.0|37.8|44.2|50.6|80.1|55.3|39.1|55.0|46.5|56.6,13,52.5,16.8,2,1,0.5815,train
133,Juno Vandermeer,23,F,high,3.29,7,69.7,74.9|89.9|63.9|60.9|68.2|89.3|74.5|63.7|78.9|55.1|81.8|77.8,12,61.6,13.4,2,0,0.0844,train
991,Ada Blackwood,27,M,high,2.42,4,46.7,33.4|70.0|50.4|65.5|60.6|56.4|57.5,7,38.9,12.7,2,0,0.4021,train
775,Winifred Thornwood,22,M,high,2.02,5,60.4,46.3|33.5|58.0|70.9|67.8|42.6|36.0|50.5|78.3|64.5|65.3,11,60.6,13.4,0,1,0.5055,train
186,Morgan Fairchild,20,NB,high,2.57,7,48.7,49.6|71.8|67.3|33.3|59.1|24.2,6,46.9,21.9,0,1,0.5285,train
42,Jocelyn Prescott,28,F,medium,2.44,6,70.5,35.8|51.4|71.2|40.5|63.7|38.9,6,59.3,12.7,0,0,0.3928,train
697,Milo Blackwood,23,NB,high,1.8,8,47.7,62.8|50.0|49.7|43.0|9.3|80.4|42.7|51.6|35.9|72.3|59.9,11,38.2,9.9,0,0,0.4315,train
109,Ivan Eastwick,19,NB,medium,2.77,4,67.7,67.0|72.9|53.5|49.2|42.1|46.0|100.0|77.1|38.2|38.6|65.7|66.6|66.7,13,47.5,11.8,1,0,0.4144,train
589,Wren Kingsley,28,M,low,1.93,5,73.8,45.6|45.3|48.5|35.9|27.1|68.5|25.1,7,48.6,15.3,1,1,0.5576,train
57,Alaric Upton,23,F,low,2.7,5,79.2,77.7|70.0|94.8|60.1|72.3|58.3|49.6|60.2|68.8|63.0,10,53.3,9.0,4,0,0.1402,train
406,Yseult Thornwood,27,NB,low,2.66,6,53.4,67.7|14.2|44.0|40.9|36.0|51.5|60.6|65.3|58.4,9,37.3,13.1,1,1,0.5057,train
443,Dorian Quarles,24,M,low,3.69,1,88.6,92.8|60.5|68.8|64.1|79.7|69.6|85.9|61.0|75.6|85.3|44.0|100.0|70.8,13,39.6,20.9,5,0,0.0,train
758,Persephone Drummond,18,NB,medium,2.4,5,67.0,55.4|67.7|49.0|74.1|55.4|52.9,6,52.5,9.3,3,0,0.3962,train
998,Riley Fairchild,20,F,medium,2.07,5,67.0,52.2|82.6|54.5|65.1|43.3|62.1|58.7|53.7|47.1|45.0|58.8|64.0|52.7,13,51.3,10.6,2,1,0.5102,train
25,Kendall Redford,22,F,high,2.51,6,68.2,61.9|60.6|69.0|68.9|66.5|73.0|84.3|80.7|44.2|28.1|80.5|45.9,12,57.0,9.1,3,0,0.2139,train
468,Theo Abernathy,22,F,medium,2.43,8,75.9,49.7|17.7|63.5|68.2|29.6,5,48.4,13.0,0,1,0.5394,train
540,Stellan Ashford,24,NB,medium,2.48,7,77.0,52.9|86.1|57.3|83.7|63.3|69.8|59.3|51.5|40.6|50.9|61.9,11,63.9,22.4,3,0,0.2058,train
532,Winifred Montgomery,22,M,medium,3.68,3,61.4,100.0|49.4|65.6|74.4|72.8|90.1|59.1|78.9|66.3,9,74.4,19.6,5,0,0.0,train
619,Peyton Sterling,25,NB,high,2.39,2,85.5,43.2|86.8|86.3|54.7|51.7|45.8|55.2|35.1|55.0,9,71.3,7.9,2,0,0.4703,train
695,Sawyer Xenakis,28,NB,high,2.27,7,51.1,52.3|46.8|72.7|86.8|33.6|26.2,6,43.9,1.9,0,1,0.4983,train
927,Kai Xenakis,22,M,low,2.86,8,92.3,94.0|58.0|70.4|45.2|79.0|89.9|67.2|56.6|72.0|72.9|67.8|69.3,12,57.9,22.2,3,0,0.2103,train
339,Lorelei Waverly,23,NB,medium,2.01,8,63.3,61.9|42.0|57.2|34.9|30.3|62.4,6,43.8,13.1,2,0,0.4532,train
52,Otto Lockwood,23,M,high,2.79,4,77.2,74.4|81.5|71.0|61.2|74.9|93.3|62.9|50.2|81.5|63.0|32.3|77.6|56.8|63.5|69.8,15,61.4,19.7,0,0,0.2537,train
508,Drew Underhill,27,NB,high,2.82,2,74.7,83.9|79.8|60.4|57.7|38.6|72.0,6,62.7,24.4,4,0,0.134,train
517,Orion Thornwood,21,M,medium,2.36,1,61.8,36.1|64.4|65.5|66.2|70.2|65.1|49.8|54.9|57.4|57.6,10,63.6,15.3,2,0,0.4752,train
921,Zephyr Waverly,25,NB,low,2.22,2,49.0,32.9|37.1|61.7|79.9|71.0|30.1|63.1|40.3,8,33.4,6.1,1,1,0.6184,train
782,Jamie Iverson,22,F,high,1.84,5,74.4,70.7|100.0|82.5|47.2|64.0|73.6|78.2,7,49.6,18.9,1,0,0.0162,train
265,Isla Gillingham,21,NB,medium,2.61,1,70.3,99.4|81.3|74.4|65.2|78.6|71.3|63.9|59.0|62.3|16.0|66.7|56.2,12,81.0,15.0,2,0,0.2869,train
818,Clara Xenakis,26,NB,medium,2.78,1,54.7,37.8|29.0|33.8|65.1|47.3|43.0,6,33.5,10.2,2,1,0.5724,train
711,Peyton Montgomery,28,F,medium,2.27,5,65.2,42.6|47.3|51.3|43.2|55.8|52.8|86.7|41.4|60.4|62.6|42.8,11,62.2,10.4,0,0,0.4028,train
683,Nova Thornwood,19,F,medium,3.61,5,60.1,69.0|67.3|24.1|62.2|73.0|71.6|79.8,7,54.3,20.3,2,0,0.2189,train
833,Freya Kingsley,21,F,medium,3.63,6,80.8,78.4|96.2|79.5|77.0|74.7|63.8|70.6|60.3|70.4|36.0|77.5|69.2,12,60.5,19.5,0,0,0.099,train
519,Vesper Yardley,23,F,high,3.18,8,45.8,56.7|40.0|35.2|74.5|68.2|66.7|73.8,7,45.9,10.7,3,0,0.3748,train
448,Orion Yarborough,27,M,medium,2.61,6,70.7,60.8|80.9|61.0|68.6|70.6|41.6|48.3|75.4|59.3|86.2|84.9|81.2|97.7|69.2,14,74.6,14.4,3,0,0.115,train
19,Persephone Garrison,25,M,high,2.98,5,87.2,40.2|75.7|88.5|51.9|95.2|76.4|59.5|69.2|78.5|71.2|78.2|56.3|72.6,13,43.3,17.1,1,0,0.123,train
716,Clara Fairchild,24,F,medium,1.97,6,60.0,62.0|48.5|61.6|41.0|43.6|30.3|53.6|54.8|67.7|61.8|45.7|32.3,12,48.3,15.4,0,1,0.6258,train
484,Olive Lancaster,20,F,high,2.59,2,56.9,80.3|63.4|69.9|79.8|59.3|63.7|71.1|48.1,8,52.8,13.5,1,0,0.4009,train
569,Clara Thornwood,25,M,low,2.75,8,67.8,87.4|100.0|80.9|58.7|73.1|58.2|84.6|54.7|70.5|59.9,10,71.9,17.8,1,0,0.0,train
434,Peyton Vance,20,NB,medium,2.69,7,62.5,69.6|58.7|56.0|27.9|49.8|53.4|83.1|64.1|76.9|62.8|43.2|55.6|57.4|39.7,14,40.4,9.2,2,1,0.5294,train
368,Dorian Vance,25,M,low,2.54,3,59.7,64.0|83.8|49.2|78.5|83.3|48.6|39.0|65.4|52.7|88.9|61.4,11,42.1,6.8,2,0,0.3531,train
84,Peyton Sherwood,19,F,low,2.69,1,75.7,69.8|62.8|88.5|42.2|53.8|64.6|41.5|63.5|91.1|66.5,10,63.5,8.5,1,0,0.2204,train
62,Celeste Waverly,23,NB,medium,2.48,2,51.0,54.6|64.2|65.3|47.4|81.8|49.9|77.4|69.3|53.2,9,83.0,7.4,2,0,0.3036,train
639,Sawyer Zimmerman,26,NB,medium,3.44,4,76.4,85.8|83.7|78.2|93.6|65.8|71.1|75.3,7,53.3,20.9,1,0,0.0275,train
273,Maeve Hartwell,25,M,low,1.91,6,66.2,36.3|58.8|45.2|47.0|46.6,5,28.5,8.4,0,1,0.6408,train
286,Rowan Crawford,19,M,low,2.83,8,92.3,55.9|90.7|82.3|64.0|72.9|99.0|86.0|75.1|71.4|76.1,10,62.3,7.4,3,0,0.0,train
361,Dakota Fairchild,24,M,high,2.34,5,71.7,33.2|26.3|47.0|31.3|49.4|63.3|42.4|34.4,8,49.4,16.5,2,1,0.4798,train
355,Taylor Pemberton,22,NB,high,2.89,1,73.0,74.1|59.3|70.2|54.5|92.0|49.0|92.8,7,55.0,5.5,2,0,0.3452,train
457,Iris Eastwick,25,F,medium,2.75,2,74.9,70.7|68.0|76.0|68.0|57.4|50.1|58.3|66.8|57.3|66.8|68.7|74.6|81.3,13,56.6,6.3,2,0,0.3232,train
279,Lorelei Jenkins,26,M,low,2.44,1,49.7,43.5|70.4|69.4|54.4|45.0|44.9|54.7,7,63.1,19.0,2,0,0.3675,train
13,Jocelyn Kingsley,23,M,high,1.69,8,48.0,73.9|95.2|79.3|67.0|67.5|71.4|70.0|62.8|60.1|57.6|47.3,11,47.3,2.5,2,0,0.4105,train
183,Luna Drummond,23,NB,medium,2.73,2,94.0,76.5|74.6|52.7|76.0|59.2|62.1|59.5|55.7|100.0,9,86.3,30.0,4,0,0.0823,train
369,Orion Farnsworth,25,M,medium,2.98,5,60.6,60.7|74.4|52.8|59.3|59.8|70.3|68.9|56.7,8,54.1,11.0,3,0,0.3744,train
882,Jordan Ellington,23,NB,high,2.89,3,65.9,55.0|73.6|100.0|81.4|85.3|63.4|57.3|54.6|59.0|35.5,10,49.3,12.7,0,0,0.2173,train
616,Jasper Pemberton,18,NB,high,2.26,7,80.5,38.6|36.7|63.7|77.0|36.1|65.8|68.4|28.8|71.7|72.9|55.0|78.5|76.8,13,54.3,10.4,0,0,0.3823,train
224,Finley Drummond,22,M,low,2.78,5,92.9,70.5|71.3|89.8|64.3|51.9|72.6|67.7|60.5|72.4|82.4|74.9|79.6,12,97.2,17.9,4,0,0.0,train
573,Isla Ingersoll,26,NB,low,2.02,2,76.7,70.0|44.0|62.3|57.0|67.1|54.4|53.1|78.3|56.2|70.1|54.4|82.7|47.6|48.5,14,73.4,9.6,2,0,0.4317,train
971,Vesper Hartwell,27,M,low,1.85,3,65.3,9.8|63.4|55.2|45.0|64.5|77.3|52.6|45.5|62.2|39.7|49.8,11,71.1,13.5,2,0,0.382,train
654,Olive Crawford,19,NB,low,2.85,7,94.5,61.6|100.0|62.0|73.4|67.8|73.9|78.7|78.6|60.8|55.2|100.0|64.8|82.6|48.0|67.9,15,64.8,21.5,1,0,0.0734,train
546,Kai Holloway,20,M,high,3.05,1,96.1,36.8|58.5|65.8|90.8|44.4|98.0|71.0|67.5|66.0|62.4|84.7|52.9|74.2|63.2,14,51.8,32.8,4,0,0.1508,train
583,Ronan Underhill,24,F,high,2.77,4,56.4,54.9|68.3|78.9|65.6|53.4|75.3|21.8|33.3|64.9,9,47.3,14.5,1,1,0.5082,train
634,Riley Caldwell,21,NB,medium,2.14,7,60.6,48.7|85.3|57.1|46.5|58.8|61.7|69.3|69.0|52.8|75.6|55.7|62.9,12,69.4,11.8,3,0,0.2433,train
177,Fiona Waverly,23,F,medium,1.96,7,62.2,83.8|70.8|47.0|36.9|56.0|57.7,6,61.5,10.4,2,0,0.3533,train
666,Peyton Fairchild,28,F,medium,1.95,4,68.6,40.8|60.2|65.7|57.6|70.6|61.4|52.1|51.4|72.1|50.1|73.7|78.3|34.9,13,70.0,25.6,0,0,0.3766,train
674,Lorelei Waverly,28,NB,medium,3.04,2,72.2,80.6|70.7|64.9|64.5|50.4|72.3|64.1|57.2|81.3|46.0|58.4|80.1|69.4,13,57.7,16.9,1,0,0.2571,train
586,Ezra Whitmore,20,NB,high,2.15,3,67.5,67.1|79.5|76.4|50.4|57.0|68.6|74.5|72.6|57.6|39.7|43.5|62.6|63.7,13,35.0,12.9,2,0,0.4121,train
874,Rowan Hartwell,20,NB,low,3.38,6,85.8,68.9|70.3|45.7|60.0|76.1|75.0,6,80.8,16.3,1,0,0.1673,train
394,Dorian Overton,19,M,medium,2.13,3,24.3,29.4|37.7|53.2|80.2|39.3|21.6|48.7|62.5|44.3|29.1|57.1|52.6|27.3,13,39.4,11.4,0,1,0.8079,train
164,Theo Northwood,19,NB,medium,3.31,6,83.1,74.6|95.6|69.2|51.5|75.9,5,94.8,11.3,3,0,0.1448,train
249,Beatrix Waverly,23,F,low,1.33,3,31.9,19.6|49.5|40.1|49.0|53.7|47.3|53.2|42.3|25.5|59.2|34.5|29.3|40.7,13,20.7,3.3,1,1,0.7914,train
635,Ulric Merritt,28,F,low,2.57,5,86.1,58.3|65.3|79.5|100.0|80.2|78.2|79.1|55.0|72.9,9,65.2,20.2,4,0,0.097,train
886,Wren Underhill,28,NB,high,2.4,3,49.7,56.5|18.8|45.6|39.8|67.7|56.4,6,24.0,7.6,0,1,0.8117,train
670,Caspian Xenakis,26,NB,medium,1.7,8,56.3,31.4|35.9|59.8|34.8|58.2|29.5|76.6|38.5|46.7|55.0|41.6,11,44.1,12.2,1,1,0.6229,train
376,Rowan Whitmore,25,M,high,2.45,5,77.6,57.3|74.1|65.4|54.6|88.7|82.6|59.6|76.1,8,70.9,21.0,2,0,0.1582,train
413,Ronan Lockwood,24,M,medium,3.83,5,63.8,81.2|100.0|79.2|99.8|65.6|74.5|75.5|41.7|57.5|58.5,10,82.3,25.2,2,0,0.0,train
75,Atlas Abernathy,22,F,medium,2.0,2,91.4,56.4|75.9|79.2|95.4|55.4|29.7|77.8,7,97.0,27.4,1,0,0.0,train
114,Ulric Quarles,28,NB,high,2.28,4,46.7,40.6|62.7|41.9|42.2|35.6|54.7|52.8|27.0|16.6|33.3|24.4,11,25.6,10.0,0,1,0.9658,train
599,Milo Jenkins,27,NB,medium,2.73,2,51.4,72.7|75.3|76.7|59.5|70.1|86.8|86.6|65.0|67.5|82.1,10,36.7,13.8,1,0,0.2389,train
962,Juno Norwood,21,F,medium,2.22,2,52.3,45.8|75.0|33.5|74.3|48.2|20.2|45.0|62.1|42.2|25.6,10,36.8,2.6,0,1,0.6823,train
391,Beatrix Norwood,22,NB,medium,2.5,6,52.5,47.8|49.9|72.0|65.1|49.8|65.8|77.6|77.9|41.5|68.1|49.2|83.5|81.7|56.5,14,52.9,15.0,3,0,0.1254,train
105,Jamie Ashford,18,NB,medium,2.95,3,65.1,38.5|88.9|83.3|43.2|73.0|55.1|66.6|67.0|59.1|50.9|52.3|48.9|50.1|61.6|51.9,15,66.3,23.3,3,0,0.3097,train
115,Kai Vance,28,M,medium,2.32,3,69.5,63.8|75.7|29.2|53.8|66.1|80.9,6,49.0,3.3,0,0,0.3019,train
418,Drew Ashford,24,NB,medium,2.06,4,54.5,61.5|65.6|42.2|73.8|33.3|51.2|56.0|50.3|51.4|87.9|47.1,11,89.6,15.8,0,0,0.3789,train
526,Jamie Gillingham,28,F,high,3.9,5,100.0,76.0|99.9|72.6|71.3|75.8|73.1|71.8|92.2|77.3,9,80.7,26.2,5,0,0.0,train
458,Isla Whitmore,22,F,medium,2.69,2,80.9,43.8|92.2|73.5|77.1|91.8|61.9,6,74.5,17.7,1,0,0.0912,train
410,Theo Vandermeer,19,NB,low,3.15,7,69.7,64.4|72.2|60.9|18.5|48.4|73.8|43.7|52.5|40.2|82.6|81.1|42.6|58.1,13,38.3,15.1,2,1,0.4786,train
93,Freya Waverly,22,NB,high,2.49,8,75.5,73.2|60.7|57.9|68.5|51.7|51.7|78.2|50.8|78.0|75.0|42.1|57.9,12,80.1,11.0,3,0,0.1745,train
931,Dorian Caldwell,24,NB,low,2.48,3,73.1,61.8|52.8|53.2|82.0|39.1|90.8|61.4|55.0|77.6|88.8|83.3|74.1|82.9|40.8,14,52.7,10.7,0,0,0.2112,train
90,Peyton Ingersoll,18,F,high,3.33,7,58.6,50.5|46.2|67.0|53.1|46.1|75.7|77.2|46.9|27.9|71.0|45.6|67.7|26.3|69.3|37.7,15,59.4,11.5,1,0,0.4783,train
337,Beatrix Redford,19,NB,medium,2.61,4,57.0,83.9|73.7|57.7|97.7|70.6|53.7|82.1|75.2|75.2|62.9|76.0|65.3|77.6|40.7,14,57.0,27.7,1,0,0.1436,train
989,Lorelei Holloway,18,M,low,2.9,1,62.9,49.7|89.7|77.6|35.3|51.7|66.8|68.1|40.9|80.6|75.6|70.4|83.6|70.0|69.9|86.6,15,73.3,9.6,0,0,0.2948,train
922,Ezra Quarles,24,M,high,3.21,6,89.9,69.8|70.0|78.2|79.8|88.9|52.0|71.6|55.2,8,65.0,17.0,0,0,0.0934,train
934,Skyler Blackwood,24,M,low,2.64,6,76.3,63.8|74.2|83.7|85.0|60.8|60.2|61.3|73.3|71.8,9,55.7,21.6,1,0,0.0,train
606,Iris Tremaine,19,M,low,0.9,1,36.0,33.9|36.5|53.3|39.6|48.5|32.8|45.7|53.9|31.2|54.0|43.0|57.9|39.2|48.0|41.6,15,31.7,6.8,0,1,0.8192,train
594,Orion Yarborough,28,NB,high,2.02,6,44.7,51.3|63.6|50.7|53.1|74.8|59.3|45.0|68.2|60.6|19.8|64.1|63.5|58.0|71.0,14,40.4,14.2,2,0,0.4334,train
612,Felix Upton,27,M,high,2.42,2,76.3,80.0|38.7|52.6|73.9|54.5|49.6|76.8|42.2|57.0|66.5,10,46.3,18.6,0,0,0.3361,train
95,Milo Hartwell,28,F,medium,2.83,1,86.4,74.7|42.4|80.7|50.0|59.2|68.7|94.9|100.0|74.0|62.2|72.9|78.2,12,53.9,26.2,2,0,0.252,train
12,Silas Merritt,21,M,medium,2.23,7,63.4,33.4|56.1|45.8|90.3|80.8|55.3|99.4|80.4|60.8,9,22.0,29.5,0,0,0.2336,train
397,Nadia Iverson,23,F,high,3.56,1,87.8,69.9|74.4|75.3|63.0|83.7|81.9|98.1|93.8|64.7|87.3,10,55.7,24.2,0,0,0.0,train
534,Felix Farnsworth,22,F,medium,2.66,6,75.0,71.9|63.6|84.2|68.8|75.4|75.5|76.0|72.7|80.8,9,55.9,27.5,4,0,0.0472,train
44,Ulric Whitmore,19,M,medium,3.04,5,47.6,48.9|73.3|94.9|64.3|53.1|61.3|84.6,7,47.9,10.3,3,0,0.2747,train
43,Hayden Yardley,27,M,low,1.71,4,80.6,51.1|50.0|65.2|79.4|46.9|63.1|68.6|72.6|64.8|56.7|49.7|63.4|46.1,13,11.7,16.8,2,0,0.3211,train
330,Rowan Vance,28,NB,medium,2.43,6,58.1,49.9|28.0|40.6|61.9|80.5|53.3|59.6|69.0|42.6|60.2|43.6,11,60.2,11.8,1,1,0.5071,train
168,Hayden Ashford,20,NB,medium,0.92,3,25.9,21.7|31.4|71.3|34.1|44.7|48.0,6,34.9,4.7,0,1,0.8242,train
498,Leo Eastwick,23,F,medium,3.19,3,66.7,71.9|49.3|65.0|67.6|40.6|72.0|83.1|60.3|83.3|60.1|75.6|29.6,12,92.7,23.5,0,0,0.3024,train
877,Ingrid Upton,24,F,medium,3.32,8,58.3,58.2|67.6|52.6|59.8|62.9|62.7|94.0|71.8|73.4|74.3|75.4|64.9|61.4,13,62.6,23.0,1,0,0.2206,train
598,Isla Hartwell,20,M,low,2.75,6,93.6,67.6|71.3|71.1|56.8|72.0|91.7|77.5|71.3|68.4|75.8|82.0|79.9|65.8|75.7,14,72.5,12.1,0,0,0.1053,train
757,Lorelei Merritt,22,F,low,2.24,3,73.1,73.1|62.5|63.7|62.4|25.9|57.8|39.3|58.6|38.9|38.3,10,72.8,17.9,0,0,0.4733,train
101,Juno Waverly,25,F,medium,2.88,5,75.8,88.4|90.5|47.3|61.1|52.6|65.2|73.7|53.3,8,56.2,14.0,0,0,0.0,train
427,Quinn Redford,22,M,high,3.74,4,100.0,72.1|87.4|74.1|78.1|65.5|73.6|78.7|62.0|69.5|69.8|83.0,11,49.1,17.7,2,0,0.1088,train
179,Winifred Davenport,19,M,medium,1.7,2,75.2,70.8|51.7|70.0|82.8|30.4|71.2|26.2|49.2|88.1|54.9,10,39.6,13.7,1,0,0.2838,train
445,Rosalind Caldwell,19,NB,high,2.09,1,85.4,78.3|96.4|55.0|91.4|100.0|68.4|54.7,7,62.8,19.7,1,0,0.0239,train
417,Kai Davenport,19,NB,medium,2.81,5,39.4,53.8|56.7|36.5|23.1|45.3|42.9,6,30.3,9.4,1,1,0.7378,train
871,Hayden Prescott,19,M,high,3.11,2,67.7,92.6|53.9|66.3|66.4|45.9|58.5|65.2|56.3|99.4,9,43.7,21.6,2,0,0.3058,train
883,Ada Quarles,18,F,low,2.57,2,74.9,71.3|65.7|57.2|36.4|57.3|51.3|72.9|79.5|80.0|77.2|63.9|58.1|54.7|43.3|80.8,15,57.1,8.4,3,0,0.2276,train
681,Jocelyn Holloway,18,NB,medium,2.2,7,57.5,32.6|56.3|68.3|36.9|72.9|30.4|85.5|47.6|56.0|25.4|52.9|57.2|52.5|45.3|39.6,15,63.1,10.6,0,1,0.5304,train
178,Peyton Fairchild,28,F,medium,2.19,3,68.7,58.7|45.7|43.7|41.1|64.2|37.1|47.1|47.2|38.9|25.9|51.3|45.5|54.0|38.5|64.8,15,24.7,17.4,1,1,0.7134,train
396,Emerson Montgomery,28,M,high,2.04,3,87.6,89.0|78.9|54.3|61.1|67.9|55.1|91.1|67.9|25.1|70.8|60.5|64.6,12,54.0,20.7,2,0,0.2327,train
912,Maeve Crawford,25,M,low,2.29,1,64.2,52.5|60.2|58.3|46.2|84.1|36.5|69.6,7,50.3,24.1,0,0,0.4048,train
794,Milo Norwood,25,NB,medium,2.79,2,88.4,96.0|84.3|85.9|78.2|51.2|58.1|80.6|73.6|80.4|98.9|84.7|92.7|75.2,13,56.5,19.1,0,0,0.0308,train
961,Alaric Prescott,25,M,low,2.32,2,70.8,52.1|56.8|53.2|66.6|44.6|21.6|61.6|69.4|61.3,9,37.4,4.0,0,1,0.5107,train
685,Ivan Montgomery,24,NB,medium,3.24,6,83.2,70.9|100.0|51.6|92.6|83.1|66.0|97.7|45.5|65.4|55.1|79.4,11,51.3,21.8,2,0,0.0445,train
384,Drew Eastwick,25,M,high,2.09,8,66.9,100.0|50.7|46.0|77.3|35.1|62.7|98.4|43.1|36.5|43.8,10,73.6,22.8,3,0,0.2186,train
957,Kendall Blackwood,23,F,high,2.05,3,64.2,48.2|41.0|75.6|49.4|59.6|62.0|48.8|79.3|40.8|61.5|61.3|56.8|38.1,13,63.5,16.6,1,0,0.4357,train
752,Isla Caldwell,23,F,low,3.63,8,83.2,57.1|72.1|67.6|95.9|92.1|76.1|55.3|56.1|74.7|79.6|68.9|67.3|65.6|74.2,14,33.7,13.2,0,0,0.0121,train
258,Rosalind Yardley,19,M,medium,2.73,2,75.3,61.3|94.0|54.8|79.7|73.4|87.0|58.1|57.1|84.5|74.5|44.9|60.0,12,68.0,21.9,3,0,0.1731,train
539,Hayden Prescott,22,M,low,1.21,3,65.6,88.5|44.2|79.4|47.0|30.4|46.4|66.7|38.4|41.9|59.8|51.0|59.7,12,46.5,12.0,0,1,0.6016,train
336,Juno Zane,25,M,medium,2.79,5,65.3,51.3|60.9|71.7|62.1|59.2,5,56.8,10.7,1,0,0.3132,train
16,Stellan Abernathy,28,M,high,2.71,7,67.5,56.7|45.6|92.9|48.0|56.2|55.8|80.0|62.2|85.3|56.5|70.8|54.1|98.8|48.8,14,65.2,20.0,0,0,0.2094,train
325,Alaric Eastwick,18,F,high,3.17,1,79.4,49.3|72.2|86.8|70.6|82.7|55.4|70.7|61.7,8,76.8,18.4,0,0,0.0985,train
759,Yseult Northwood,20,M,medium,2.96,4,72.9,76.6|87.8|58.8|67.6|76.5|63.0|76.5|77.9|85.8|60.5|55.4|65.0,12,49.4,20.9,3,0,0.1354,train
223,Rosalind Holloway,18,NB,medium,2.17,6,53.8,57.8|53.2|71.1|55.4|42.9|69.0|50.9|62.0|47.0|44.4|55.4|54.3|61.3,13,42.5,0.0,0,1,0.5216,train
180,Celeste Yardley,27,NB,high,2.53,6,16.7,19.2|57.5|62.9|33.4|16.4|66.4|58.9|45.2|22.8|34.3|32.6|40.0|56.8|48.2|18.8,15,45.6,3.9,0,1,1.0,train
984,Dakota Holloway,26,M,low,1.28,2,69.2,45.8|78.9|59.3|61.9|38.9|76.7|70.9|69.8|49.3|49.9|64.8,11,44.4,16.5,3,0,0.3381,train
23,Vesper Lancaster,25,M,high,3.14,3,72.2,60.5|40.6|44.3|55.7|51.2|57.5|61.2,7,61.4,13.0,3,0,0.3669,train
357,Reese Ingersoll,21,NB,medium,2.71,6,61.3,86.0|70.5|64.8|68.5|46.2|85.5|91.1|67.1|85.0|52.6|49.2,11,55.1,16.4,1,0,0.3454,train
667,Luna Overton,26,F,high,2.7,6,76.7,79.1|59.4|66.3|43.8|65.6|71.0|71.3|79.5|51.9|55.6,10,85.6,13.9,2,0,0.2863,train
862,Alex Merritt,25,F,medium,3.6,4,89.3,74.3|68.4|79.2|98.7|78.6|100.0|61.5,7,69.7,17.8,3,0,0.0,train
341,Orion Xenakis,22,NB,high,2.62,7,72.6,82.0|69.7|77.0|54.5|48.1|70.8|64.4|78.6|68.0,9,66.6,7.7,1,0,0.1444,train
432,Thalia Kensington,26,F,medium,2.44,7,73.4,79.8|54.5|67.0|82.5|60.3|99.1,6,88.4,10.6,5,0,0.0,train
552,Orion Overton,27,M,medium,2.98,2,71.5,69.2|68.9|38.5|45.7|64.1|37.2,6,68.5,19.6,3,0,0.3111,train
834,Quentin Garrison,20,F,low,2.05,1,96.4,67.1|66.5|54.2|69.0|89.5|84.2|81.5|76.9|63.3|46.9|65.7|65.1|84.4|73.3,14,87.1,24.3,4,0,0.1581,train
204,Otto Ingersoll,19,F,medium,1.71,5,66.2,64.7|54.1|27.5|47.5|55.0|53.1|22.8|37.1|49.5,9,50.4,0.0,0,1,0.6135,train
631,Ivan Lancaster,28,M,high,3.17,3,86.8,60.7|66.1|93.7|74.2|80.6|73.3|57.3|89.0|82.5|100.0|59.8|87.3|55.3,13,72.4,25.9,1,0,0.0,train
94,Xander Prescott,21,M,medium,2.37,8,76.2,76.0|60.5|55.3|85.6|90.4|79.0|65.6|52.2,8,45.5,18.3,3,0,0.2681,train
559,Freya Yarborough,28,NB,low,2.42,6,63.1,68.8|51.4|80.6|45.2|66.9|78.6|36.4|51.9|74.2|74.4,10,47.2,7.5,1,0,0.4486,train
69,Alaric Redford,24,NB,high,2.57,4,73.8,58.9|62.0|51.5|61.4|52.2|66.7|51.8|63.0|56.9|74.3|56.6,11,23.6,19.6,1,0,0.4404,train
623,Caspian Quarles,23,F,medium,1.92,3,48.8,37.7|80.1|38.8|38.7|30.2,5,34.9,8.9,0,1,0.8205,train
285,Casey Merritt,28,NB,high,1.62,7,46.5,29.8|38.9|50.3|86.4|51.8|26.9|33.3,7,23.5,0.0,0,1,0.8833,train
845,Alaric Norwood,19,F,high,2.42,2,55.8,49.8|25.5|83.4|83.3|44.1|55.9|60.8|44.9|33.0,9,49.2,11.0,3,0,0.3916,train
435,Gareth Holloway,24,NB,low,2.71,1,27.9,64.1|31.9|25.4|63.7|57.0|64.8|58.0|76.9,8,45.7,6.0,0,1,0.7256,train
154,Ronan Holloway,22,M,medium,2.81,8,60.9,15.1|53.1|43.1|34.2|40.1|60.3|78.6|63.4|49.6,9,58.5,9.9,2,0,0.4081,train
76,Clara Kensington,20,NB,low,2.27,2,52.3,64.9|38.2|59.9|60.4|68.7|94.2|58.7|45.1|52.4|26.2|42.4,11,38.9,6.9,1,1,0.5555,train
731,Persephone Abernathy,22,F,high,2.83,6,45.9,85.7|66.3|58.4|72.6|37.3|49.1|57.2|79.5|58.3|65.8|50.2|66.3,12,77.2,18.8,0,0,0.399,train
447,Isla Zane,25,M,medium,2.42,4,69.5,41.7|82.6|61.0|68.2|47.9|76.6|53.5|61.5|43.3,9,35.2,16.2,2,0,0.4416,train
189,Nadia Overton,18,NB,low,3.0,5,83.6,76.1|57.1|71.7|74.9|69.6|38.2|71.9|100.0|64.1|58.5|75.1|74.2,12,81.7,10.0,3,0,0.1383,train
272,Beatrix Ingersoll,25,F,medium,2.63,8,91.5,96.4|68.7|86.3|46.3|84.9,5,57.9,21.8,0,0,0.0,train
237,Milo Iverson,23,NB,low,3.52,8,79.0,88.5|100.0|69.0|85.2|57.7|86.3|78.0|82.1|65.3|50.1|82.5|44.0,12,65.2,25.6,5,0,0.0,train
488,Luna Lancaster,23,NB,medium,2.21,2,77.8,74.0|44.3|59.3|61.6|59.9|74.7|69.4|63.5|78.2|97.7|96.4|43.0,12,75.1,17.5,4,0,0.0796,train
118,Morgan Fairchild,27,M,medium,3.76,6,92.8,75.5|86.8|57.2|78.7|99.8|69.4|60.0|62.9|56.3|60.9|67.1|51.6|72.9|86.2,14,53.8,28.1,2,0,0.0578,train
944,Ivan Prescott,25,F,high,3.22,2,70.6,57.2|78.8|45.0|58.6|64.1|55.4|63.5|59.2|41.0|64.7|42.1|64.5,12,76.0,12.5,2,0,0.3252,train
513,Ezra Thornwood,28,M,low,2.43,3,76.3,67.6|90.9|40.4|61.6|49.8|72.5|39.1|68.6|53.9,9,45.9,6.1,3,0,0.2903,train
826,Sebastian Vance,25,M,medium,1.94,8,49.3,38.1|50.5|62.8|35.9|23.5|57.0|51.3|29.7|35.5,9,25.0,2.8,0,1,0.7133,train
592,Dorian Upton,22,NB,high,2.85,1,63.6,85.7|40.6|53.7|90.9|59.2|46.1|69.1|58.6|53.2|49.3|100.0,11,55.9,4.3,3,0,0.2306,train
127,Vesper Ashford,18,NB,high,2.07,4,75.0,66.6|67.1|67.3|70.0|78.1|84.0|61.2,7,47.3,11.9,2,0,0.1024,train
117,Helena Fairchild,22,NB,medium,2.53,5,72.5,83.2|71.9|73.2|62.6|82.5|67.5|48.4|82.4|71.8|54.7|54.2|65.8|68.3,13,57.6,15.7,3,0,0.3413,train
474,Otto Merritt,20,M,low,2.05,6,41.9,56.5|36.0|45.8|69.0|37.4|23.7|31.5|62.2|51.2|45.4,10,31.2,10.5,0,1,0.6917,train
694,Ronan Crawford,22,F,high,1.71,3,73.6,87.1|62.7|23.6|46.5|64.0|48.5|73.9,7,56.1,6.7,2,1,0.504,train
58,Zephyr Sterling,26,F,low,2.55,2,56.3,75.5|65.3|42.2|59.5|52.8|68.9|84.2|36.0|65.8,9,55.3,19.1,1,0,0.2727,train
864,Reese Kingsley,27,F,high,2.15,6,49.7,43.1|33.5|49.1|70.9|58.3|51.1,6,49.5,3.4,1,1,0.799,train
913,Freya Jenkins,25,NB,low,2.55,4,60.8,54.8|59.1|41.4|47.0|31.7|44.7|59.9,7,55.9,0.7,2,0,0.4123,train
370,Ingrid Xenakis,19,M,medium,2.03,1,79.7,97.1|55.5|57.1|55.7|79.6|75.5|66.4|55.0|70.1|45.3|70.9,11,76.0,9.7,2,0,0.1567,train
269,Ivan Redford,19,F,low,3.04,8,73.2,50.8|75.1|65.7|30.6|77.1|65.0,6,77.2,9.1,2,0,0.24,train
47,Persephone Hartwell,22,NB,low,3.16,6,69.9,59.6|51.3|72.0|96.5|49.6|66.0|86.8|64.4,8,66.2,9.4,2,0,0.2348,train
350,Jocelyn Merritt,23,F,medium,1.35,2,84.1,73.2|40.6|41.0|88.2|52.1|50.6|29.1|57.9|59.7|73.9,10,35.7,5.5,3,0,0.2966,train
196,Felix Holloway,27,F,high,2.42,7,77.0,35.0|48.4|62.1|75.9|50.4|46.8|27.6|58.7|87.8|61.3|56.8|62.0|57.0|45.0|69.5,15,53.3,12.1,1,0,0.4463,train
1000,Juno Ellington,25,M,high,2.44,7,49.3,63.3|37.4|50.5|33.8|97.6|30.5|55.4|72.4|70.8,9,60.6,9.2,1,1,0.4931,train
835,Maeve Merritt,21,NB,medium,2.26,6,50.0,82.1|81.7|40.9|84.0|67.1|63.8|85.6|81.5|71.1,9,61.7,17.6,1,0,0.3413,train
737,Luna Overton,24,NB,medium,2.77,5,83.2,58.6|64.8|43.7|90.5|53.4,5,46.7,10.5,1,0,0.414,train
264,Leo Sherwood,18,M,low,2.76,1,85.4,90.3|73.1|64.2|56.4|49.6|81.2|79.9|79.9|69.3|92.3|64.0|85.6|70.7|62.1|80.1,15,71.9,20.5,4,0,0.0939,train
444,Yseult Zimmerman,23,M,medium,2.53,6,67.8,76.8|73.1|66.4|68.6|60.3|88.5|39.7|64.0|62.9,9,67.5,9.0,0,0,0.3277,train
676,Atlas Northwood,21,M,high,3.15,4,66.7,63.7|65.4|75.6|56.9|82.5|86.6|53.9|61.4|60.8,9,100.0,14.6,1,0,0.1555,train
305,Milo Iverson,26,F,low,2.84,7,80.7,100.0|43.2|71.7|55.1|73.0|39.2|42.3|49.6|62.4|51.6|71.1|76.6|70.2|85.5|67.4,15,36.2,22.0,0,0,0.3448,train
342,Ronan Sterling,21,F,high,3.33,4,62.8,69.0|46.0|63.2|39.0|65.3|53.2|59.0|69.0|40.1|48.3|65.4|90.0,12,49.4,16.2,2,0,0.4109,train
967,Maeve Lancaster,26,M,low,3.4,8,76.4,76.1|87.9|58.4|63.0|68.0|81.3|81.5|64.3|45.1|71.5|54.0,11,39.5,9.2,3,0,0.1809,train
150,Wren Upton,21,NB,medium,2.27,4,66.9,57.2|76.3|28.8|60.2|30.8|69.4|56.6|64.3|45.1|77.2|73.7|66.8|56.1|66.7|47.4,15,63.7,22.3,0,0,0.4242,train
125,Helena Davenport,18,M,high,2.28,6,65.7,17.2|50.7|58.8|37.9|60.9|52.1|81.5|78.7|48.1|52.9|54.0|48.4|58.1|43.8,14,30.7,14.8,1,1,0.4967,train
787,Elodie Eastwick,24,M,high,2.19,4,57.9,75.8|58.4|12.0|56.6|30.9|38.2|40.5|42.7,8,24.2,11.2,0,1,0.5585,train
51,Esme Caldwell,26,M,medium,2.12,3,72.2,37.6|59.7|86.8|42.8|47.6,5,58.3,13.3,1,0,0.431,train
354,Dakota Upton,21,M,high,1.87,8,77.2,62.6|39.4|70.0|75.1|53.6|80.1|37.6|40.2|64.6,9,56.4,10.1,0,0,0.31,train
928,Kai Merritt,21,F,high,2.7,3,53.0,42.1|53.4|68.3|59.4|47.6|61.2|52.3|70.4|62.2|52.5|60.7|77.0|48.7|63.3|56.2,15,56.4,8.1,2,0,0.4443,train
143,Ingrid Prescott,27,NB,low,3.04,3,82.9,60.7|76.2|78.9|56.4|80.0|72.7|46.4,7,57.1,17.5,0,0,0.0,train
471,Avery Gillingham,20,M,medium,2.57,4,62.3,60.5|40.8|46.8|78.3|76.8,5,62.8,4.6,2,0,0.2812,train
400,Xander Zane,18,F,low,1.35,5,73.5,41.6|51.0|66.0|39.5|33.5|52.4|21.7,7,36.0,9.6,1,1,0.6595,train
626,Leo Yarborough,27,M,medium,2.67,3,60.1,59.2|71.9|47.0|83.5|85.2|47.4|86.5|64.0|72.4|58.7|80.0|72.2|53.9,13,42.5,7.2,1,0,0.2222,train
321,Taylor Vance,26,F,high,2.79,3,71.6,62.5|39.3|52.8|72.7|44.3|22.1|56.6|57.9,8,55.2,17.6,0,0,0.3742,train
20,Sawyer Kensington,28,F,high,2.55,4,77.6,93.5|91.4|84.1|58.6|70.3|93.2|77.1,7,100.0,22.4,2,0,0.0,train
810,Celeste Jenkins,20,M,high,3.3,5,91.4,64.8|60.4|58.3|79.6|73.4|68.8|89.4|76.0|57.4|59.7,10,74.5,24.0,4,0,0.1263,train
791,Stellan Jenkins,18,M,high,2.8,7,67.0,39.8|93.4|35.6|70.9|63.2,5,31.8,11.0,2,0,0.4574,train
809,Felix Gillingham,23,F,low,2.14,7,54.5,30.4|79.3|41.4|58.3|60.0|46.3|57.5|52.1|27.2|43.5|39.3|41.5|28.9,13,57.0,17.7,0,1,0.6639,train
408,Caspian Upton,20,NB,low,1.65,4,62.3,69.5|51.9|58.9|69.4|70.2|46.2|77.4,7,72.8,7.6,2,0,0.3144,train
538,Alex Eastwick,25,F,high,3.61,3,79.9,71.1|50.1|73.4|54.0|83.8|50.3|63.1|56.5|50.0|76.0,10,66.6,22.7,0,0,0.2539,train
621,Juno Waverly,28,M,low,3.53,5,81.6,88.5|78.0|41.3|88.5|70.9|68.1|73.1|63.7|72.3|60.0|88.0|67.2|63.2|55.0,14,67.2,18.4,0,0,0.1524,train
39,Xander Redford,19,NB,low,2.49,4,80.4,90.6|100.0|97.4|66.9|57.5|76.4|47.8|79.1|72.1|67.3|50.4,11,76.9,16.5,0,0,0.018,train
176,Atlas Crawford,19,NB,high,2.06,4,56.2,51.5|53.5|36.8|42.0|33.5|67.4|21.1|70.0|73.5|48.2|13.7,11,39.5,9.6,1,1,0.5568,train
246,Morgan Kingsley,28,M,low,1.93,7,56.2,74.3|82.2|92.1|77.0|81.8|55.6|47.0|77.1|70.6|66.0,10,63.8,17.1,1,0,0.2664,train
829,Iris Yarborough,26,F,medium,2.9,3,69.3,40.1|58.1|49.1|69.2|70.0|40.3,6,70.4,8.9,1,0,0.245,train
668,Celeste Ingersoll,21,F,medium,2.01,1,48.0,33.6|70.3|38.0|29.1|39.2|15.9|36.2|31.4|55.2,9,27.2,12.3,0,1,0.726,train
755,Luna Kingsley,26,M,medium,1.38,3,67.1,56.8|58.2|75.5|74.8|76.4|79.4|56.2|52.2|76.4|61.0,10,41.4,23.8,4,0,0.1127,train
859,Finley Yarborough,20,M,low,2.95,2,58.3,52.7|64.3|53.2|54.3|61.3|76.3|61.4|82.7|51.6|47.7|95.4|56.7|46.9|40.4|82.6,15,55.3,14.7,0,0,0.2119,train
155,Beatrix Lockwood,25,M,low,2.02,4,52.3,31.8|52.2|60.4|56.6|51.8|43.9|67.2|38.3|69.7|43.0|46.8|36.1|50.5|72.7|65.8,15,65.6,15.5,2,0,0.4233,train
288,Olive Montgomery,26,F,high,1.74,8,55.7,74.4|55.3|36.6|73.9|66.1|63.2|65.9|91.0|87.9|44.8|79.5|60.9|62.6,13,22.2,10.0,1,1,0.4971,train
603,Ezra Abernathy,28,NB,high,1.95,4,70.2,51.8|38.7|60.7|46.2|33.9,5,31.1,20.2,2,1,0.5674,train
570,Reese Farnsworth,18,NB,low,2.7,7,72.1,49.7|73.9|63.8|49.7|98.1|71.7|62.2|85.7|92.1|62.3|69.7,11,43.4,14.4,1,0,0.2621,train
744,Otto Waverly,24,NB,medium,3.24,3,80.9,71.8|82.1|61.5|70.2|50.5|65.1|80.7|51.9|47.8|62.2|57.3|70.5|53.9,13,79.7,5.8,3,0,0.3565,train
18,Gareth Lancaster,26,F,high,2.17,6,61.5,49.1|42.6|48.1|39.5|58.4|46.3,6,54.2,3.0,1,0,0.4286,train
128,Kendall Sherwood,26,F,low,2.44,4,71.1,55.1|47.2|59.8|69.4|75.6|58.3,6,54.4,10.7,3,0,0.2084,train
323,Casey Tremaine,25,F,low,2.73,5,90.6,57.9|88.9|72.3|66.8|100.0|53.3|63.9|50.7,8,77.7,27.5,0,0,0.1454,train
256,Skyler Ellington,23,NB,high,3.25,6,83.8,79.6|58.9|49.6|56.6|68.8|74.0|33.3|65.7|68.2|61.7|85.2|72.2,12,79.4,14.6,1,0,0.2289,train
658,Atlas Eastwick,27,F,high,3.04,7,53.6,64.6|72.3|70.5|51.8|100.0|42.1|45.0,7,58.0,26.5,0,0,0.344,train
965,Fiona Zimmerman,27,NB,low,2.18,6,91.8,70.6|72.0|79.5|62.2|73.8|72.7|70.0|57.1|64.5|53.1|62.1,11,37.7,9.4,1,0,0.3276,train
191,Riley Quarles,19,F,high,3.26,8,79.1,52.7|100.0|69.4|84.6|63.2|73.5|78.1|83.7|81.3|78.5|60.7|56.9|70.5,13,73.3,14.4,2,0,0.2384,train
116,Kieran Vandermeer,27,NB,high,2.67,5,57.4,40.1|48.6|55.2|48.9|24.9|71.4|77.1|67.8|40.9|55.0|57.9|67.0,12,60.9,7.9,0,0,0.4254,train
617,Luna Prescott,23,M,medium,1.95,3,65.8,68.5|55.0|26.9|78.9|62.8|54.2|72.8,7,75.9,0.0,1,0,0.3773,train
607,Thalia Vandermeer,28,M,high,3.03,7,64.7,90.2|40.8|58.5|67.3|74.9|92.4,6,35.1,14.1,1,0,0.1566,train
181,Jasper Yardley,28,F,high,2.58,1,74.3,38.1|54.2|46.8|31.2|59.9|92.4|27.1|54.3|64.4,9,49.1,10.2,2,1,0.5064,train
302,Clara Lancaster,20,NB,medium,3.59,5,79.6,50.8|62.7|71.2|97.6|45.6|84.6|69.3|79.2,8,59.0,11.2,0,0,0.21,train
760,Freya Drummond,26,NB,high,1.63,4,82.1,73.4|54.2|67.0|29.4|91.8|45.1|52.2|26.2,8,53.7,3.9,0,1,0.5251,train
713,Quinn Kensington,27,F,low,1.6,6,76.6,71.7|68.5|21.8|47.5|55.2,5,64.8,17.9,1,0,0.2138,train
724,Caspian Lancaster,25,NB,high,1.54,3,60.1,62.0|50.6|59.1|38.7|39.1|57.1|63.7|25.4|61.4|45.4,10,43.0,2.3,0,1,0.5358,train
686,Freya Redford,27,M,high,2.11,4,53.8,59.7|49.8|37.5|95.9|46.6|20.6,6,33.6,2.9,2,1,0.5282,train
980,Kai Kensington,19,NB,low,1.43,3,74.5,61.3|73.8|66.5|53.2|34.1|44.9,6,69.5,18.6,2,1,0.5401,train
518,Morgan Redford,23,F,high,3.88,7,100.0,72.0|13.2|89.3|62.7|58.8|64.8|64.1|80.0|47.4|54.6|75.9|80.1|80.4|59.0|56.1,15,57.6,19.5,0,0,0.1056,train
985,Emerson Eastwick,20,M,medium,1.4,6,62.7,88.0|67.6|63.5|90.8|26.0|48.8|55.0|73.9|74.2,9,41.3,19.7,2,0,0.3491,train
46,Rowan Thornwood,19,M,medium,2.41,2,95.2,84.4|61.5|87.4|69.2|81.0|75.5,6,49.7,13.1,4,0,0.17,train
910,Helena Redford,20,F,low,1.51,6,18.3,53.6|51.7|39.4|16.5|57.5|29.4|32.6|74.0|28.8|50.5|47.8|45.2|43.6,13,35.6,5.6,0,1,0.8908,train
158,Ezra Prescott,28,M,medium,3.06,1,68.9,83.0|31.4|48.4|45.2|67.1|40.5|67.6|76.8|66.7|60.5|41.4|43.6|75.0|68.0,14,48.3,9.1,2,0,0.4685,train
852,Olive Vance,22,F,high,3.08,8,67.9,65.1|88.8|74.2|42.1|40.0|65.6|48.4|76.3,8,61.1,17.2,1,0,0.2111,train
172,Avery Gillingham,28,NB,medium,2.84,8,75.5,99.9|59.0|63.1|99.0|56.7|60.9|67.0|81.8|72.3|49.8|61.2|60.0|68.0|75.5|75.4,15,36.8,23.8,0,0,0.146,train
17,Cameron Upton,27,F,high,3.06,5,78.3,69.2|71.8|68.9|85.6|100.0|62.8|50.6|69.8|100.0|59.1|95.7|96.3|62.8,13,74.2,28.0,0,0,0.0968,train
512,Nadia Vandermeer,23,M,medium,2.66,5,65.8,61.7|78.6|43.8|67.8|61.3|56.5|74.8|74.7|47.3,9,52.1,15.6,2,0,0.3374,train
49,Fiona Lockwood,20,NB,medium,1.84,3,74.6,77.3|55.8|25.7|48.4|77.0|57.2|42.6|50.0|70.2|65.8|54.0|52.1,12,44.5,6.6,2,0,0.4359,train
972,Kieran Quarles,18,F,high,1.79,5,58.0,70.2|80.7|43.5|74.6|87.8|96.1|72.8|75.4|35.8|99.3|59.2|53.8,12,58.1,25.8,4,0,0.1797,train
941,Nova Kensington,19,NB,high,3.58,4,77.7,89.7|69.1|75.5|98.3|58.2|76.9|80.4,7,76.5,16.8,2,0,0.0299,train
516,Orion Davenport,26,F,low,2.32,1,50.2,46.4|70.3|77.4|76.4|64.8|49.7|4.8,7,50.2,10.3,0,1,0.5388,train
953,Sawyer Whitmore,20,F,medium,3.83,8,80.6,31.3|70.5|75.5|34.3|93.5|62.8|78.4,7,64.9,11.6,4,0,0.0371,train
481,Ingrid Vance,26,NB,high,3.25,6,79.4,41.1|69.0|75.0|75.7|45.6|52.4|77.2|50.9,8,51.2,23.7,1,0,0.318,train
284,Kai Jenkins,27,NB,low,2.2,1,69.2,94.1|75.1|79.2|40.1|55.4|86.7|77.7|71.2|81.9|97.9|70.1|74.4|76.3|100.0,14,36.7,23.4,3,0,0.0405,train
719,Lorelei Abernathy,18,M,medium,3.41,2,74.2,43.4|70.1|68.3|55.6|73.2|39.6|79.5|51.5|49.9|62.9|71.1|67.1|53.5,13,50.7,8.5,1,0,0.2591,train
878,Jordan Underhill,24,F,medium,2.95,3,62.3,70.3|55.8|59.3|51.7|56.0|78.9|60.1|60.8|37.1|54.1|55.1|46.3|59.1,13,45.3,13.2,1,0,0.4059,train
226,Luna Blackwood,26,F,low,2.04,7,57.8,54.1|69.4|13.7|14.3|42.7|66.6,6,18.5,0.0,1,1,0.6222,train
27,Casey Xenakis,19,NB,high,2.46,1,80.2,98.2|51.9|48.3|94.6|69.4|62.5|88.1|63.4,8,94.6,22.9,0,0,0.0623,train
955,Hugh Montgomery,19,M,medium,2.78,3,74.7,52.6|89.7|62.5|66.4|52.1|47.9|69.0|65.1|50.0|40.2|42.8|79.8,12,46.0,12.0,2,0,0.3295,train
438,Morgan Xenakis,22,M,medium,3.17,3,75.0,77.3|94.5|60.6|90.7|68.3|100.0|69.3|62.2|85.1,9,63.2,14.9,0,0,0.005,train
952,Maeve Davenport,22,M,medium,1.76,4,60.3,44.5|57.7|57.9|48.2|51.9|54.0|69.6|55.3|69.8|66.3|66.1|78.3,12,33.5,9.3,1,0,0.438,train
365,Ezra Abernathy,19,M,low,2.28,6,57.9,49.1|49.4|30.9|58.1|53.5|65.3|55.5|51.7|41.0|55.2|65.2|36.9|55.4,13,50.0,6.3,0,1,0.5225,train
230,Nova Crawford,19,F,low,2.57,5,59.3,31.1|56.7|87.1|61.6|53.3|70.3,6,49.8,11.9,0,1,0.5199,train
38,Reese Montgomery,25,NB,high,2.96,3,83.8,97.7|84.5|59.6|100.0|93.3,5,78.7,18.6,4,0,0.0,train
966,Jasper Eastwick,24,F,low,1.79,5,40.1,39.0|44.1|52.6|60.8|39.6|66.6|60.7|54.2|48.9|51.4,10,55.9,14.6,1,1,0.71,train
375,Celeste Upton,25,NB,low,2.61,8,45.8,34.6|18.1|45.4|51.9|30.0|43.8|34.0|36.7|2.2,9,26.7,9.8,0,1,0.8883,train
470,Stellan Thornwood,23,F,high,3.37,8,85.3,73.8|66.9|52.0|77.9|92.0|71.9|95.5|43.9|49.4|79.6,10,64.7,24.2,2,0,0.206,train
968,Finley Pemberton,24,NB,medium,1.96,3,58.6,43.6|46.2|60.7|19.8|50.8|42.8|51.5|35.7|30.7|45.1|67.7|55.9|35.4|22.9,14,8.8,13.5,0,1,0.8002,train
851,Ivan Kensington,21,M,high,2.77,1,68.9,82.0|60.8|47.3|55.7|62.0|82.1|66.6,7,58.5,9.0,1,0,0.1942,train
705,Jasper Zimmerman,23,F,high,2.68,4,76.4,85.4|71.9|69.2|62.8|63.5|79.8,6,50.3,26.0,3,0,0.0,train
842,Ezra Farnsworth,22,F,medium,2.01,3,44.7,87.1|36.5|57.6|28.1|48.3|60.6|41.9|63.1|50.2|71.7|74.7|45.5|55.4|57.0|63.5,15,46.9,11.8,1,1,0.5187,train
195,Dakota Waverly,24,NB,low,2.22,7,51.9,48.5|67.1|64.1|61.8|44.3,5,49.6,0.0,3,0,0.3933,train
855,Morgan Redford,18,M,high,0.93,6,63.0,48.2|52.7|33.8|65.9|29.0|59.3,6,50.6,1.5,1,1,0.7051,train
865,Skyler Redford,26,F,medium,2.45,2,67.7,65.2|60.8|85.3|60.0|55.1|96.3|60.4|69.4|73.9|50.1|85.7|76.7|90.5,13,51.0,17.1,4,0,0.1968,train
504,Gareth Northwood,21,M,low,1.9,1,53.1,87.2|70.0|19.6|46.9|28.2|41.1|8.3|53.3|38.2|56.3|31.0,11,49.2,8.7,0,1,0.4907,train
970,Kieran Whitmore,24,NB,medium,2.68,7,65.9,71.7|54.7|78.1|57.2|67.7|77.7|71.8,7,73.8,24.1,4,0,0.0,train
831,Rosalind Tremaine,27,M,medium,3.01,8,98.5,78.5|50.3|82.0|57.0|95.5,5,57.0,37.6,0,0,0.0139,train
580,Oberon Ashford,28,NB,low,2.79,8,60.5,63.4|41.8|25.6|71.9|80.4|72.7|44.5|32.2|33.6|24.3|48.0|73.6,12,39.3,10.4,0,1,0.6359,train
969,Skyler Ashford,22,F,high,2.01,6,64.7,81.2|37.2|83.8|57.6|44.2|57.7,6,43.9,16.5,3,0,0.34,train
163,Nova Zimmerman,18,NB,medium,1.9,4,67.2,12.1|68.6|54.5|31.3|33.3|74.6|35.2|32.1|66.5|54.5|35.3|52.7,12,25.8,15.1,1,1,0.6396,train
909,Kendall Thornwood,23,M,low,1.89,3,44.5,40.6|43.3|62.4|71.8|32.4|59.8|36.9|64.0|45.2|38.8,10,59.0,7.3,0,1,0.5114,train
153,Sebastian Ingersoll,24,M,low,3.48,3,76.4,74.4|82.1|52.5|74.9|63.8|80.5|35.9|66.3|58.8|74.3|74.9|57.2|57.1,13,60.2,11.4,2,0,0.18,train
802,Nova Pemberton,25,F,medium,2.67,1,77.0,64.6|45.2|73.9|95.0|72.3|59.8|44.7|52.5|73.0|82.3|70.1|78.2|76.8|73.8,14,50.2,17.1,3,0,0.221,train
994,Thalia Ashford,18,NB,low,3.02,4,83.2,58.0|65.8|54.7|59.6|71.8|60.3|64.2|45.8|84.8,9,69.6,21.5,1,0,0.1795,train
756,Luna Drummond,18,NB,high,2.2,7,50.6,37.8|44.4|55.5|25.4|51.7|39.1|48.7|37.8|54.4|38.4|12.7|56.8,12,10.8,9.5,0,1,1.0,train
112,Felix Caldwell,19,M,low,3.7,7,72.2,40.6|52.8|76.6|92.6|37.5|33.1|89.3|67.1|48.2|69.3|21.7|61.3,12,59.5,19.4,3,0,0.3434,train
227,Casey Underhill,23,M,high,2.74,6,69.1,44.0|45.6|45.8|62.0|51.0|67.8|17.5,7,40.7,6.7,1,0,0.3661,train
689,Sawyer Davenport,22,NB,high,2.4,1,56.0,73.1|25.5|47.6|60.6|60.7|74.2|71.9|49.6|73.4|43.2|67.9,11,73.4,17.8,0,1,0.5277,train
104,Theo Caldwell,23,M,medium,3.3,1,89.2,65.6|68.4|46.1|76.7|77.6|68.1|85.9|64.0|77.5|53.7|68.7|66.4|72.4,13,57.7,16.5,1,0,0.1494,train
422,Peyton Jenkins,22,M,medium,1.91,3,37.4,21.3|70.5|33.9|42.0|58.6|96.4|24.8|50.2|32.8|35.4|32.6|26.6|42.8|21.3|57.6,15,35.3,8.3,0,1,0.7888,train
420,Hayden Gillingham,25,M,low,2.44,6,77.0,76.7|48.2|52.4|40.5|66.5|70.3,6,33.2,10.7,3,0,0.3669,train
751,Dakota Yarborough,22,M,high,1.91,7,68.7,100.0|79.4|99.0|82.7|59.1|64.5|79.1|76.8|61.6|47.6|100.0|68.1|65.3|71.9,14,61.0,18.6,1,0,0.1192,train
587,Thalia Underhill,19,F,high,2.96,8,61.7,82.2|59.9|84.5|57.6|50.2|58.7|64.2|59.8|62.4|70.6|63.0|64.6|40.0|71.5,14,58.1,25.4,3,0,0.2352,train
781,Celeste Crawford,19,M,medium,2.27,3,61.4,55.5|54.3|63.4|33.6|74.8,5,61.7,5.4,2,0,0.3944,train
673,Skyler Bellingham,26,M,high,2.66,5,64.3,81.8|67.3|64.5|67.1|48.4|56.5|64.5|61.5,8,77.2,16.5,2,0,0.2643,train
120,Zephyr Drummond,20,F,high,2.48,8,60.7,45.4|38.4|24.0|58.7|30.0|54.9|49.5|63.7|48.9,9,40.8,14.7,0,1,0.538,train
54,Caspian Thornwood,18,M,high,2.07,6,59.7,50.3|66.9|30.6|39.1|38.9|69.1|80.5|53.3|52.4|55.9|72.3,11,33.5,12.4,2,1,0.5029,train
152,Felix Waverly,25,M,high,2.59,6,59.6,55.4|68.6|28.9|77.3|58.6|51.4|56.2,7,49.8,1.8,0,0,0.4366,train
404,Fiona Lancaster,25,M,low,2.08,4,59.3,54.6|66.3|40.8|54.6|59.9|44.0|87.5|47.7|50.5|45.9|87.5|68.8|46.5|77.1,14,56.7,15.0,2,0,0.3617,train
946,Theo Holloway,24,M,medium,3.26,2,95.2,83.7|85.5|85.5|80.0|54.6|97.2,6,93.4,17.1,1,0,0.0825,train
208,Reese Ingersoll,20,M,medium,2.76,2,65.7,38.2|58.4|65.9|78.8|69.2|67.3|56.8|61.7|74.6|35.9,10,43.2,6.8,2,0,0.4784,train
659,Sawyer Abernathy,20,M,low,1.98,7,62.4,75.2|58.8|54.0|67.5|63.1|74.5|78.4|63.6|63.4|62.2,10,59.4,13.1,0,0,0.3995,train
844,Alaric Whitmore,20,F,medium,0.94,3,61.8,74.3|36.7|63.2|47.0|51.6|71.4|60.1|26.7|42.5|71.8|63.9|83.4|82.4,13,44.8,27.0,0,0,0.4456,train
763,Atlas Northwood,23,NB,medium,1.35,3,59.8,40.9|50.1|38.1|34.7|31.6|32.3|44.5|40.9|34.9|58.0|0.0|43.0,12,36.2,9.1,0,1,0.99,train
9,Otto Pemberton,24,F,medium,2.12,6,67.1,94.4|62.8|69.0|78.7|73.1|68.0|71.2,7,95.6,15.5,2,0,0.2326,train
808,Isla Waverly,20,F,high,2.21,6,65.8,35.5|68.3|63.4|48.0|68.7,5,75.0,14.6,0,0,0.2303,train
37,Quinn Norwood,18,NB,high,2.79,1,59.4,46.6|58.9|56.4|52.1|69.4|73.2|60.2|81.1|41.8|56.0,10,41.1,1.6,0,0,0.4022,train
453,Dakota Norwood,19,NB,low,3.16,3,78.6,64.0|74.5|78.0|81.5|88.5|77.0|50.2|63.8|100.0|81.7|100.0|91.8|74.5|75.4|70.3,15,39.3,18.2,3,0,0.1036,train
652,Maeve Overton,24,M,medium,1.36,8,61.1,72.3|43.2|32.6|12.9|35.0|48.0|73.7|59.8,8,46.2,6.2,0,1,0.6316,train
254,Elodie Zimmerman,19,NB,high,2.95,5,45.6,54.0|62.6|42.1|63.5|32.2|72.5|50.9|41.7|46.2,9,54.8,5.5,0,1,0.6081,train
304,Alaric Drummond,27,NB,low,1.98,3,55.2,32.7|42.6|37.9|48.7|43.8|30.5|85.2|73.7|43.2|59.0|61.2|72.8|42.6|71.3,14,39.2,2.9,2,1,0.5026,train
747,Taylor Jenkins,25,F,medium,1.86,1,69.0,67.7|47.6|81.9|54.4|82.1,5,42.5,0.7,2,0,0.3967,train
572,Celeste Caldwell,25,NB,high,1.97,1,44.3,54.2|21.1|38.8|48.7|52.2|66.6,6,29.5,15.0,1,1,0.7691,train
624,Magnus Farnsworth,28,F,medium,2.57,6,35.8,43.9|54.2|56.4|47.6|55.7|35.4|70.9,7,54.0,0.0,1,1,0.6864,train
733,Oberon Lockwood,19,NB,high,2.33,7,65.4,48.1|59.8|54.8|55.5|59.6|37.2|57.5|59.4,8,51.6,10.6,2,0,0.4521,train
892,Oberon Kingsley,18,M,low,2.36,5,52.6,56.3|67.2|55.1|50.1|59.0|66.4|39.3|59.8|75.7|64.5|56.8|65.5,12,55.3,15.9,0,0,0.4768,train
263,Ronan Merritt,20,NB,high,2.48,3,91.7,63.1|60.7|53.3|67.8|73.8|78.6|89.3,7,77.9,18.9,5,0,0.0,train
611,Peyton Zane,18,F,high,2.72,2,56.8,57.6|34.3|82.2|72.3|51.4|48.4|69.9|84.2|68.8|87.0|40.6|42.2|36.6,13,53.5,11.8,0,1,0.5136,train
298,Avery Fairchild,28,M,medium,2.14,6,61.7,63.4|73.5|28.6|52.4|61.1|44.2|83.9|48.4|57.3,9,59.1,8.8,2,0,0.4268,train
415,Jocelyn Ashford,28,F,low,2.12,2,72.2,48.6|54.7|78.7|80.8|81.3|53.4|76.1,7,36.3,6.8,1,0,0.4331,train
151,Riley Vance,28,NB,low,2.92,2,57.1,63.9|39.1|67.1|65.3|30.4|41.1|54.2|54.0|40.4|64.3|62.3|55.6|47.2|74.2|83.3,15,44.2,8.9,2,0,0.4126,train
